id,section,row,column,group,group_index,x_warp,y_warp,x_image,y_image,visible_score
A00,terminal_upper,A,0,,,31.801,105.735,318.035,417.632,53.642
A01,terminal_upper,A,1,,,52.909,105.735,337.808,417.731,50.481
A02,terminal_upper,A,2,,,74.017,105.735,357.576,417.83,58.272
A03,terminal_upper,A,3,,,95.125,105.735,377.339,417.928,57.346
A04,terminal_upper,A,4,,,116.232,105.735,397.096,418.027,55.963
A05,terminal_upper,A,5,,,137.34,105.735,416.849,418.126,62.963
A06,terminal_upper,A,6,,,158.448,105.735,436.597,418.225,63.519
A07,terminal_upper,A,7,,,179.555,105.735,456.34,418.323,64.309
A08,terminal_upper,A,8,,,200.663,105.735,476.078,418.422,66.975
A09,terminal_upper,A,9,,,221.771,105.735,495.811,418.52,69.84
A10,terminal_upper,A,10,,,242.878,105.735,515.538,418.619,66.531
A11,terminal_upper,A,11,,,263.986,105.735,535.261,418.718,66.889
A12,terminal_upper,A,12,,,285.094,105.735,554.979,418.816,58.753
A13,terminal_upper,A,13,,,306.201,105.735,574.691,418.915,72.63
A14,terminal_upper,A,14,,,327.309,105.735,594.399,419.013,68.457
A15,terminal_upper,A,15,,,348.417,105.735,614.102,419.112,71.963
A16,terminal_upper,A,16,,,369.524,105.735,633.799,419.21,69.963
A17,terminal_upper,A,17,,,390.632,105.735,653.492,419.309,68.654
A18,terminal_upper,A,18,,,411.74,105.735,673.179,419.407,74.691
A19,terminal_upper,A,19,,,432.848,105.735,692.862,419.505,77.321
A20,terminal_upper,A,20,,,453.955,105.735,712.539,419.604,79.827
A21,terminal_upper,A,21,,,475.063,105.735,732.212,419.702,81.407
A22,terminal_upper,A,22,,,496.171,105.735,751.88,419.8,74.63
A23,terminal_upper,A,23,,,517.278,105.735,771.542,419.899,78.21
A24,terminal_upper,A,24,,,538.386,105.735,791.2,419.997,71.556
A25,terminal_upper,A,25,,,559.494,105.735,810.852,420.095,83.432
A26,terminal_upper,A,26,,,580.601,105.735,830.5,420.193,68.605
A27,terminal_upper,A,27,,,601.709,105.735,850.142,420.291,75.494
A28,terminal_upper,A,28,,,622.817,105.735,869.78,420.39,68.938
A29,terminal_upper,A,29,,,643.924,105.735,889.413,420.488,68.654
A30,terminal_upper,A,30,,,665.032,105.735,909.04,420.586,67.667
A31,terminal_upper,A,31,,,686.14,105.735,928.663,420.684,71.778
A32,terminal_upper,A,32,,,707.247,105.735,948.28,420.782,61.42
A33,terminal_upper,A,33,,,728.355,105.735,967.893,420.88,69.333
A34,terminal_upper,A,34,,,749.463,105.735,987.501,420.978,66.432
A35,terminal_upper,A,35,,,770.571,105.735,1007.103,421.076,68.667
A36,terminal_upper,A,36,,,791.678,105.735,1026.701,421.174,68.049
A37,terminal_upper,A,37,,,812.786,105.735,1046.294,421.272,65.852
A38,terminal_upper,A,38,,,833.894,105.735,1065.881,421.37,72.765
A39,terminal_upper,A,39,,,855.001,105.735,1085.464,421.468,60.506
A40,terminal_upper,A,40,,,876.109,105.735,1105.042,421.565,65.21
A41,terminal_upper,A,41,,,897.217,105.735,1124.615,421.663,58.444
A42,terminal_upper,A,42,,,918.324,105.735,1144.183,421.761,64.593
A43,terminal_upper,A,43,,,939.432,105.735,1163.746,421.859,55.642
A44,terminal_upper,A,44,,,960.54,105.735,1183.304,421.957,53.543
A45,terminal_upper,A,45,,,981.647,105.735,1202.857,422.054,50.704
A46,terminal_upper,A,46,,,1002.755,105.735,1222.405,422.152,51.753
A47,terminal_upper,A,47,,,1023.863,105.735,1241.948,422.25,49.37
A48,terminal_upper,A,48,,,1044.97,105.735,1261.486,422.347,49.84
A49,terminal_upper,A,49,,,1066.078,105.735,1281.019,422.445,49.864
A50,terminal_upper,A,50,,,1087.186,105.735,1300.547,422.543,46.864
A51,terminal_upper,A,51,,,1108.294,105.735,1320.071,422.64,46.148
A52,terminal_upper,A,52,,,1129.401,105.735,1339.589,422.738,45.296
A53,terminal_upper,A,53,,,1150.509,105.735,1359.102,422.835,50.346
A54,terminal_upper,A,54,,,1171.617,105.735,1378.611,422.933,43.16
A55,terminal_upper,A,55,,,1192.724,105.735,1398.114,423.03,40.815
A56,terminal_upper,A,56,,,1213.832,105.735,1417.613,423.128,41.531
A57,terminal_upper,A,57,,,1234.94,105.735,1437.106,423.225,43.963
A58,terminal_upper,A,58,,,1256.047,105.735,1456.595,423.322,42.704
A59,terminal_upper,A,59,,,1277.155,105.735,1476.079,423.42,37.568
A60,terminal_upper,A,60,,,1298.263,105.735,1495.557,423.517,33.802
A61,terminal_upper,A,61,,,1319.37,105.735,1515.031,423.615,38.815
A62,terminal_upper,A,62,,,1340.478,105.735,1534.5,423.712,31.728
B00,terminal_upper,B,0,,,31.801,125.875,315.67,436.726,59.272
B01,terminal_upper,B,1,,,52.909,125.875,335.533,436.823,53.827
B02,terminal_upper,B,2,,,74.017,125.875,355.392,436.92,70.012
B03,terminal_upper,B,3,,,95.125,125.875,375.245,437.016,58.346
B04,terminal_upper,B,4,,,116.232,125.875,395.093,437.113,69.827
B05,terminal_upper,B,5,,,137.34,125.875,414.936,437.21,63.741
B06,terminal_upper,B,6,,,158.448,125.875,434.774,437.307,69.259
B07,terminal_upper,B,7,,,179.555,125.875,454.607,437.403,63.173
B08,terminal_upper,B,8,,,200.663,125.875,474.435,437.5,75.926
B09,terminal_upper,B,9,,,221.771,125.875,494.258,437.597,72.099
B10,terminal_upper,B,10,,,242.878,125.875,514.075,437.693,67.469
B11,terminal_upper,B,11,,,263.986,125.875,533.888,437.79,77.617
B12,terminal_upper,B,12,,,285.094,125.875,553.696,437.886,78.617
B13,terminal_upper,B,13,,,306.201,125.875,573.498,437.983,97.963
B14,terminal_upper,B,14,,,327.309,125.875,593.296,438.079,81.914
B15,terminal_upper,B,15,,,348.417,125.875,613.088,438.176,116.407
B16,terminal_upper,B,16,,,369.524,125.875,632.875,438.272,92.741
B17,terminal_upper,B,17,,,390.632,125.875,652.657,438.369,85.395
B18,terminal_upper,B,18,,,411.74,125.875,672.435,438.465,82.852
B19,terminal_upper,B,19,,,432.848,125.875,692.207,438.561,85.185
B20,terminal_upper,B,20,,,453.955,125.875,711.974,438.658,84.111
B21,terminal_upper,B,21,,,475.063,125.875,731.736,438.754,89.444
B22,terminal_upper,B,22,,,496.171,125.875,751.493,438.85,87.716
B23,terminal_upper,B,23,,,517.278,125.875,771.245,438.947,85.481
B24,terminal_upper,B,24,,,538.386,125.875,790.992,439.043,83.691
B25,terminal_upper,B,25,,,559.494,125.875,810.733,439.139,82.605
B26,terminal_upper,B,26,,,580.601,125.875,830.47,439.235,83.074
B27,terminal_upper,B,27,,,601.709,125.875,850.202,439.332,75.074
B28,terminal_upper,B,28,,,622.817,125.875,869.929,439.428,79.975
B29,terminal_upper,B,29,,,643.924,125.875,889.65,439.524,80.975
B30,terminal_upper,B,30,,,665.032,125.875,909.367,439.62,84.173
B31,terminal_upper,B,31,,,686.14,125.875,929.078,439.716,74.827
B32,terminal_upper,B,32,,,707.247,125.875,948.785,439.812,82.309
B33,terminal_upper,B,33,,,728.355,125.875,968.487,439.908,82.247
B34,terminal_upper,B,34,,,749.463,125.875,988.183,440.004,78.407
B35,terminal_upper,B,35,,,770.571,125.875,1007.875,440.1,73.877
B36,terminal_upper,B,36,,,791.678,125.875,1027.561,440.196,78.58
B37,terminal_upper,B,37,,,812.786,125.875,1047.243,440.292,69.111
B38,terminal_upper,B,38,,,833.894,125.875,1066.919,440.388,71.778
B39,terminal_upper,B,39,,,855.001,125.875,1086.59,440.484,71.321
B40,terminal_upper,B,40,,,876.109,125.875,1106.257,440.58,63.123
B41,terminal_upper,B,41,,,897.217,125.875,1125.918,440.676,67.654
B42,terminal_upper,B,42,,,918.324,125.875,1145.575,440.772,63.741
B43,terminal_upper,B,43,,,939.432,125.875,1165.226,440.867,57.321
B44,terminal_upper,B,44,,,960.54,125.875,1184.872,440.963,45.84
B45,terminal_upper,B,45,,,981.647,125.875,1204.514,441.059,61.21
B46,terminal_upper,B,46,,,1002.755,125.875,1224.15,441.155,64.37
B47,terminal_upper,B,47,,,1023.863,125.875,1243.781,441.25,52.185
B48,terminal_upper,B,48,,,1044.97,125.875,1263.408,441.346,54.815
B49,terminal_upper,B,49,,,1066.078,125.875,1283.029,441.442,53.42
B50,terminal_upper,B,50,,,1087.186,125.875,1302.646,441.537,43.222
B51,terminal_upper,B,51,,,1108.294,125.875,1322.257,441.633,45.012
B52,terminal_upper,B,52,,,1129.401,125.875,1341.863,441.728,50.58
B53,terminal_upper,B,53,,,1150.509,125.875,1361.465,441.824,52.617
B54,terminal_upper,B,54,,,1171.617,125.875,1381.061,441.919,41.296
B55,terminal_upper,B,55,,,1192.724,125.875,1400.652,442.015,41.704
B56,terminal_upper,B,56,,,1213.832,125.875,1420.239,442.11,41.877
B57,terminal_upper,B,57,,,1234.94,125.875,1439.82,442.206,44.914
B58,terminal_upper,B,58,,,1256.047,125.875,1459.397,442.301,42.556
B59,terminal_upper,B,59,,,1277.155,125.875,1478.968,442.397,35.963
B60,terminal_upper,B,60,,,1298.263,125.875,1498.535,442.492,35.037
B61,terminal_upper,B,61,,,1319.37,125.875,1518.096,442.587,35.37
B62,terminal_upper,B,62,,,1340.478,125.875,1537.653,442.683,33.951
C00,terminal_upper,C,0,,,31.801,146.015,313.284,455.995,52.951
C01,terminal_upper,C,1,,,52.909,146.015,333.238,456.09,58.617
C02,terminal_upper,C,2,,,74.017,146.015,353.188,456.184,58.84
C03,terminal_upper,C,3,,,95.125,146.015,373.132,456.279,57.025
C04,terminal_upper,C,4,,,116.232,146.015,393.072,456.374,58.099
C05,terminal_upper,C,5,,,137.34,146.015,413.006,456.468,55.395
C06,terminal_upper,C,6,,,158.448,146.015,432.935,456.563,68.728
C07,terminal_upper,C,7,,,179.555,146.015,452.858,456.658,62.185
C08,terminal_upper,C,8,,,200.663,146.015,472.777,456.752,66.519
C09,terminal_upper,C,9,,,221.771,146.015,492.691,456.847,70.914
C10,terminal_upper,C,10,,,242.878,146.015,512.599,456.942,69.802
C11,terminal_upper,C,11,,,263.986,146.015,532.503,457.036,68.605
C12,terminal_upper,C,12,,,285.094,146.015,552.401,457.131,83.148
C13,terminal_upper,C,13,,,306.201,146.015,572.294,457.225,69.481
C14,terminal_upper,C,14,,,327.309,146.015,592.182,457.32,63.469
C15,terminal_upper,C,15,,,348.417,146.015,612.065,457.414,56.296
C16,terminal_upper,C,16,,,369.524,146.015,631.943,457.508,81.309
C17,terminal_upper,C,17,,,390.632,146.015,651.815,457.603,83.741
C18,terminal_upper,C,18,,,411.74,146.015,671.683,457.697,87.963
C19,terminal_upper,C,19,,,432.848,146.015,691.545,457.792,83.185
C20,terminal_upper,C,20,,,453.955,146.015,711.403,457.886,87.79
C21,terminal_upper,C,21,,,475.063,146.015,731.255,457.98,88.074
C22,terminal_upper,C,22,,,496.171,146.015,751.102,458.075,85.519
C23,terminal_upper,C,23,,,517.278,146.015,770.944,458.169,66.741
C24,terminal_upper,C,24,,,538.386,146.015,790.781,458.263,73.481
C25,terminal_upper,C,25,,,559.494,146.015,810.613,458.357,71.012
C26,terminal_upper,C,26,,,580.601,146.015,830.44,458.451,76.444
C27,terminal_upper,C,27,,,601.709,146.015,850.262,458.546,65.926
C28,terminal_upper,C,28,,,622.817,146.015,870.079,458.64,77.815
C29,terminal_upper,C,29,,,643.924,146.015,889.89,458.734,82.951
C30,terminal_upper,C,30,,,665.032,146.015,909.697,458.828,79.852
C31,terminal_upper,C,31,,,686.14,146.015,929.498,458.922,76.728
C32,terminal_upper,C,32,,,707.247,146.015,949.294,459.016,86.914
C33,terminal_upper,C,33,,,728.355,146.015,969.086,459.11,80.0
C34,terminal_upper,C,34,,,749.463,146.015,988.872,459.204,79.111
C35,terminal_upper,C,35,,,770.571,146.015,1008.653,459.298,73.444
C36,terminal_upper,C,36,,,791.678,146.015,1028.429,459.392,72.765
C37,terminal_upper,C,37,,,812.786,146.015,1048.2,459.486,75.012
C38,terminal_upper,C,38,,,833.894,146.015,1067.966,459.58,73.988
C39,terminal_upper,C,39,,,855.001,146.015,1087.727,459.674,68.259
C40,terminal_upper,C,40,,,876.109,146.015,1107.483,459.768,59.531
C41,terminal_upper,C,41,,,897.217,146.015,1127.234,459.861,69.247
C42,terminal_upper,C,42,,,918.324,146.015,1146.979,459.955,64.333
C43,terminal_upper,C,43,,,939.432,146.015,1166.72,460.049,60.852
C44,terminal_upper,C,44,,,960.54,146.015,1186.455,460.143,58.21
C45,terminal_upper,C,45,,,981.647,146.015,1206.186,460.236,61.444
C46,terminal_upper,C,46,,,1002.755,146.015,1225.911,460.33,59.84
C47,terminal_upper,C,47,,,1023.863,146.015,1245.632,460.424,51.346
C48,terminal_upper,C,48,,,1044.97,146.015,1265.347,460.517,58.716
C49,terminal_upper,C,49,,,1066.078,146.015,1285.058,460.611,54.864
C50,terminal_upper,C,50,,,1087.186,146.015,1304.763,460.705,48.432
C51,terminal_upper,C,51,,,1108.294,146.015,1324.463,460.798,52.494
C52,terminal_upper,C,52,,,1129.401,146.015,1344.158,460.892,51.58
C53,terminal_upper,C,53,,,1150.509,146.015,1363.849,460.985,51.741
C54,terminal_upper,C,54,,,1171.617,146.015,1383.534,461.079,47.136
C55,terminal_upper,C,55,,,1192.724,146.015,1403.214,461.172,41.395
C56,terminal_upper,C,56,,,1213.832,146.015,1422.889,461.266,45.802
C57,terminal_upper,C,57,,,1234.94,146.015,1442.559,461.359,47.235
C58,terminal_upper,C,58,,,1256.047,146.015,1462.224,461.453,43.321
C59,terminal_upper,C,59,,,1277.155,146.015,1481.884,461.546,38.63
C60,terminal_upper,C,60,,,1298.263,146.015,1501.539,461.639,41.235
C61,terminal_upper,C,61,,,1319.37,146.015,1521.189,461.733,34.481
C62,terminal_upper,C,62,,,1340.478,146.015,1540.834,461.826,36.716
D00,terminal_upper,D,0,,,31.801,166.155,310.876,475.441,56.012
D01,terminal_upper,D,1,,,52.909,166.155,330.922,475.533,59.568
D02,terminal_upper,D,2,,,74.017,166.155,350.964,475.626,55.889
D03,terminal_upper,D,3,,,95.125,166.155,371.0,475.719,61.704
D04,terminal_upper,D,4,,,116.232,166.155,391.031,475.811,62.469
D05,terminal_upper,D,5,,,137.34,166.155,411.057,475.904,55.012
D06,terminal_upper,D,6,,,158.448,166.155,431.078,475.997,70.148
D07,terminal_upper,D,7,,,179.555,166.155,451.094,476.089,71.185
D08,terminal_upper,D,8,,,200.663,166.155,471.104,476.182,77.296
D09,terminal_upper,D,9,,,221.771,166.155,491.109,476.274,73.593
D10,terminal_upper,D,10,,,242.878,166.155,511.109,476.367,70.494
D11,terminal_upper,D,11,,,263.986,166.155,531.104,476.459,72.519
D12,terminal_upper,D,12,,,285.094,166.155,551.094,476.552,71.259
D13,terminal_upper,D,13,,,306.201,166.155,571.079,476.644,74.469
D14,terminal_upper,D,14,,,327.309,166.155,591.058,476.737,64.802
D15,terminal_upper,D,15,,,348.417,166.155,611.033,476.829,67.136
D16,terminal_upper,D,16,,,369.524,166.155,631.002,476.921,84.765
D17,terminal_upper,D,17,,,390.632,166.155,650.966,477.014,85.346
D18,terminal_upper,D,18,,,411.74,166.155,670.924,477.106,89.753
D19,terminal_upper,D,19,,,432.848,166.155,690.878,477.198,87.716
D20,terminal_upper,D,20,,,453.955,166.155,710.827,477.29,87.21
D21,terminal_upper,D,21,,,475.063,166.155,730.77,477.383,92.58
D22,terminal_upper,D,22,,,496.171,166.155,750.708,477.475,76.272
D23,terminal_upper,D,23,,,517.278,166.155,770.642,477.567,69.012
D24,terminal_upper,D,24,,,538.386,166.155,790.569,477.659,75.21
D25,terminal_upper,D,25,,,559.494,166.155,810.492,477.751,72.556
D26,terminal_upper,D,26,,,580.601,166.155,830.41,477.844,67.605
D27,terminal_upper,D,27,,,601.709,166.155,850.323,477.936,70.259
D28,terminal_upper,D,28,,,622.817,166.155,870.23,478.028,74.012
D29,terminal_upper,D,29,,,643.924,166.155,890.132,478.12,80.84
D30,terminal_upper,D,30,,,665.032,166.155,910.03,478.212,74.975
D31,terminal_upper,D,31,,,686.14,166.155,929.922,478.304,84.383
D32,terminal_upper,D,32,,,707.247,166.155,949.809,478.396,88.765
D33,terminal_upper,D,33,,,728.355,166.155,969.69,478.488,87.025
D34,terminal_upper,D,34,,,749.463,166.155,989.567,478.58,80.333
D35,terminal_upper,D,35,,,770.571,166.155,1009.439,478.672,81.432
D36,terminal_upper,D,36,,,791.678,166.155,1029.305,478.763,74.148
D37,terminal_upper,D,37,,,812.786,166.155,1049.167,478.855,81.852
D38,terminal_upper,D,38,,,833.894,166.155,1069.023,478.947,78.272
D39,terminal_upper,D,39,,,855.001,166.155,1088.874,479.039,76.235
D40,terminal_upper,D,40,,,876.109,166.155,1108.72,479.131,65.963
D41,terminal_upper,D,41,,,897.217,166.155,1128.561,479.222,71.099
D42,terminal_upper,D,42,,,918.324,166.155,1148.397,479.314,63.432
D43,terminal_upper,D,43,,,939.432,166.155,1168.227,479.406,59.037
D44,terminal_upper,D,44,,,960.54,166.155,1188.053,479.498,55.235
D45,terminal_upper,D,45,,,981.647,166.155,1207.874,479.589,61.988
D46,terminal_upper,D,46,,,1002.755,166.155,1227.689,479.681,58.37
D47,terminal_upper,D,47,,,1023.863,166.155,1247.499,479.773,48.272
D48,terminal_upper,D,48,,,1044.97,166.155,1267.304,479.864,54.309
D49,terminal_upper,D,49,,,1066.078,166.155,1287.105,479.956,54.185
D50,terminal_upper,D,50,,,1087.186,166.155,1306.9,480.047,46.37
D51,terminal_upper,D,51,,,1108.294,166.155,1326.69,480.139,49.358
D52,terminal_upper,D,52,,,1129.401,166.155,1346.475,480.23,52.16
D53,terminal_upper,D,53,,,1150.509,166.155,1366.254,480.322,50.691
D54,terminal_upper,D,54,,,1171.617,166.155,1386.029,480.413,48.469
D55,terminal_upper,D,55,,,1192.724,166.155,1405.799,480.505,43.543
D56,terminal_upper,D,56,,,1213.832,166.155,1425.563,480.596,45.21
D57,terminal_upper,D,57,,,1234.94,166.155,1445.323,480.687,43.062
D58,terminal_upper,D,58,,,1256.047,166.155,1465.077,480.779,46.222
D59,terminal_upper,D,59,,,1277.155,166.155,1484.827,480.87,38.63
D60,terminal_upper,D,60,,,1298.263,166.155,1504.571,480.961,40.235
D61,terminal_upper,D,61,,,1319.37,166.155,1524.31,481.053,37.272
D62,terminal_upper,D,62,,,1340.478,166.155,1544.045,481.144,35.42
E00,terminal_upper,E,0,,,31.801,186.295,308.445,495.066,57.481
E01,terminal_upper,E,1,,,52.909,186.295,328.585,495.157,59.691
E02,terminal_upper,E,2,,,74.017,186.295,348.719,495.248,63.086
E03,terminal_upper,E,3,,,95.125,186.295,368.848,495.338,60.037
E04,terminal_upper,E,4,,,116.232,186.295,388.972,495.429,66.395
E05,terminal_upper,E,5,,,137.34,186.295,409.091,495.519,68.321
E06,terminal_upper,E,6,,,158.448,186.295,429.204,495.61,65.568
E07,terminal_upper,E,7,,,179.555,186.295,449.313,495.7,72.988
E08,terminal_upper,E,8,,,200.663,186.295,469.416,495.79,78.37
E09,terminal_upper,E,9,,,221.771,186.295,489.513,495.881,72.247
E10,terminal_upper,E,10,,,242.878,186.295,509.606,495.971,78.074
E11,terminal_upper,E,11,,,263.986,186.295,529.693,496.062,72.173
E12,terminal_upper,E,12,,,285.094,186.295,549.775,496.152,73.852
E13,terminal_upper,E,13,,,306.201,186.295,569.852,496.242,72.963
E14,terminal_upper,E,14,,,327.309,186.295,589.924,496.333,80.21
E15,terminal_upper,E,15,,,348.417,186.295,609.991,496.423,74.765
E16,terminal_upper,E,16,,,369.524,186.295,630.052,496.513,82.222
E17,terminal_upper,E,17,,,390.632,186.295,650.108,496.603,84.877
E18,terminal_upper,E,18,,,411.74,186.295,670.159,496.693,87.444
E19,terminal_upper,E,19,,,432.848,186.295,690.205,496.784,84.309
E20,terminal_upper,E,20,,,453.955,186.295,710.245,496.874,86.864
E21,terminal_upper,E,21,,,475.063,186.295,730.281,496.964,87.025
E22,terminal_upper,E,22,,,496.171,186.295,750.311,497.054,79.864
E23,terminal_upper,E,23,,,517.278,186.295,770.336,497.144,79.728
E24,terminal_upper,E,24,,,538.386,186.295,790.356,497.234,77.877
E25,terminal_upper,E,25,,,559.494,186.295,810.37,497.324,76.148
E26,terminal_upper,E,26,,,580.601,186.295,830.38,497.414,72.099
E27,terminal_upper,E,27,,,601.709,186.295,850.384,497.504,74.099
E28,terminal_upper,E,28,,,622.817,186.295,870.383,497.594,79.173
E29,terminal_upper,E,29,,,643.924,186.295,890.377,497.684,79.556
E30,terminal_upper,E,30,,,665.032,186.295,910.365,497.774,79.543
E31,terminal_upper,E,31,,,686.14,186.295,930.349,497.864,81.123
E32,terminal_upper,E,32,,,707.247,186.295,950.327,497.954,83.519
E33,terminal_upper,E,33,,,728.355,186.295,970.301,498.044,85.481
E34,terminal_upper,E,34,,,749.463,186.295,990.269,498.133,84.568
E35,terminal_upper,E,35,,,770.571,186.295,1010.231,498.223,79.79
E36,terminal_upper,E,36,,,791.678,186.295,1030.189,498.313,75.062
E37,terminal_upper,E,37,,,812.786,186.295,1050.142,498.403,82.951
E38,terminal_upper,E,38,,,833.894,186.295,1070.089,498.492,67.938
E39,terminal_upper,E,39,,,855.001,186.295,1090.031,498.582,70.395
E40,terminal_upper,E,40,,,876.109,186.295,1109.968,498.672,64.296
E41,terminal_upper,E,41,,,897.217,186.295,1129.9,498.762,67.802
E42,terminal_upper,E,42,,,918.324,186.295,1149.827,498.851,56.753
E43,terminal_upper,E,43,,,939.432,186.295,1169.749,498.941,62.778
E44,terminal_upper,E,44,,,960.54,186.295,1189.665,499.03,60.531
E45,terminal_upper,E,45,,,981.647,186.295,1209.577,499.12,61.444
E46,terminal_upper,E,46,,,1002.755,186.295,1229.483,499.209,67.926
E47,terminal_upper,E,47,,,1023.863,186.295,1249.384,499.299,49.012
E48,terminal_upper,E,48,,,1044.97,186.295,1269.28,499.388,57.852
E49,terminal_upper,E,49,,,1066.078,186.295,1289.17,499.478,56.469
E50,terminal_upper,E,50,,,1087.186,186.295,1309.056,499.567,46.173
E51,terminal_upper,E,51,,,1108.294,186.295,1328.937,499.657,47.704
E52,terminal_upper,E,52,,,1129.401,186.295,1348.812,499.746,50.062
E53,terminal_upper,E,53,,,1150.509,186.295,1368.682,499.836,50.21
E54,terminal_upper,E,54,,,1171.617,186.295,1388.547,499.925,48.0
E55,terminal_upper,E,55,,,1192.724,186.295,1408.407,500.014,43.21
E56,terminal_upper,E,56,,,1213.832,186.295,1428.262,500.104,41.247
E57,terminal_upper,E,57,,,1234.94,186.295,1448.112,500.193,41.84
E58,terminal_upper,E,58,,,1256.047,186.295,1467.957,500.282,42.123
E59,terminal_upper,E,59,,,1277.155,186.295,1487.796,500.371,43.272
E60,terminal_upper,E,60,,,1298.263,186.295,1507.631,500.461,43.407
E61,terminal_upper,E,61,,,1319.37,186.295,1527.46,500.55,40.235
E62,terminal_upper,E,62,,,1340.478,186.295,1547.284,500.639,38.543
F00,terminal_lower,F,0,,,31.801,244.562,301.286,552.88,62.481
F01,terminal_lower,F,1,,,52.909,244.562,321.699,552.964,59.284
F02,terminal_lower,F,2,,,74.017,244.562,342.107,553.048,62.63
F03,terminal_lower,F,3,,,95.125,244.562,362.509,553.133,68.185
F04,terminal_lower,F,4,,,116.232,244.562,382.907,553.217,67.198
F05,terminal_lower,F,5,,,137.34,244.562,403.298,553.301,67.222
F06,terminal_lower,F,6,,,158.448,244.562,423.685,553.385,71.333
F07,terminal_lower,F,7,,,179.555,244.562,444.066,553.469,69.642
F08,terminal_lower,F,8,,,200.663,244.562,464.442,553.553,74.21
F09,terminal_lower,F,9,,,221.771,244.562,484.812,553.637,76.37
F10,terminal_lower,F,10,,,242.878,244.562,505.177,553.721,83.407
F11,terminal_lower,F,11,,,263.986,244.562,525.537,553.805,78.247
F12,terminal_lower,F,12,,,285.094,244.562,545.891,553.889,78.346
F13,terminal_lower,F,13,,,306.201,244.562,566.24,553.973,76.519
F14,terminal_lower,F,14,,,327.309,244.562,586.583,554.057,79.272
F15,terminal_lower,F,15,,,348.417,244.562,606.922,554.141,83.025
F16,terminal_lower,F,16,,,369.524,244.562,627.254,554.225,84.63
F17,terminal_lower,F,17,,,390.632,244.562,647.582,554.309,74.802
F18,terminal_lower,F,18,,,411.74,244.562,667.904,554.392,85.802
F19,terminal_lower,F,19,,,432.848,244.562,688.221,554.476,87.543
F20,terminal_lower,F,20,,,453.955,244.562,708.533,554.56,89.864
F21,terminal_lower,F,21,,,475.063,244.562,728.839,554.644,88.123
F22,terminal_lower,F,22,,,496.171,244.562,749.14,554.727,88.938
F23,terminal_lower,F,23,,,517.278,244.562,769.435,554.811,89.667
F24,terminal_lower,F,24,,,538.386,244.562,789.725,554.895,79.704
F25,terminal_lower,F,25,,,559.494,244.562,810.01,554.979,81.099
F26,terminal_lower,F,26,,,580.601,244.562,830.29,555.062,78.16
F27,terminal_lower,F,27,,,601.709,244.562,850.564,555.146,79.815
F28,terminal_lower,F,28,,,622.817,244.562,870.833,555.23,80.0
F29,terminal_lower,F,29,,,643.924,244.562,891.097,555.313,88.111
F30,terminal_lower,F,30,,,665.032,244.562,911.355,555.397,81.728
F31,terminal_lower,F,31,,,686.14,244.562,931.608,555.48,79.346
F32,terminal_lower,F,32,,,707.247,244.562,951.855,555.564,86.543
F33,terminal_lower,F,33,,,728.355,244.562,972.098,555.647,71.58
F34,terminal_lower,F,34,,,749.463,244.562,992.335,555.731,80.074
F35,terminal_lower,F,35,,,770.571,244.562,1012.567,555.814,79.938
F36,terminal_lower,F,36,,,791.678,244.562,1032.793,555.898,77.877
F37,terminal_lower,F,37,,,812.786,244.562,1053.014,555.981,70.457
F38,terminal_lower,F,38,,,833.894,244.562,1073.23,556.064,71.432
F39,terminal_lower,F,39,,,855.001,244.562,1093.441,556.148,71.185
F40,terminal_lower,F,40,,,876.109,244.562,1113.646,556.231,72.605
F41,terminal_lower,F,41,,,897.217,244.562,1133.846,556.315,67.444
F42,terminal_lower,F,42,,,918.324,244.562,1154.041,556.398,67.617
F43,terminal_lower,F,43,,,939.432,244.562,1174.23,556.481,72.457
F44,terminal_lower,F,44,,,960.54,244.562,1194.414,556.564,69.728
F45,terminal_lower,F,45,,,981.647,244.562,1214.593,556.648,54.901
F46,terminal_lower,F,46,,,1002.755,244.562,1234.766,556.731,54.358
F47,terminal_lower,F,47,,,1023.863,244.562,1254.935,556.814,56.938
F48,terminal_lower,F,48,,,1044.97,244.562,1275.098,556.897,51.111
F49,terminal_lower,F,49,,,1066.078,244.562,1295.255,556.98,53.568
F50,terminal_lower,F,50,,,1087.186,244.562,1315.408,557.064,56.79
F51,terminal_lower,F,51,,,1108.294,244.562,1335.555,557.147,42.593
F52,terminal_lower,F,52,,,1129.401,244.562,1355.697,557.23,55.827
F53,terminal_lower,F,53,,,1150.509,244.562,1375.833,557.313,47.531
F54,terminal_lower,F,54,,,1171.617,244.562,1395.965,557.396,44.284
F55,terminal_lower,F,55,,,1192.724,244.562,1416.091,557.479,50.704
F56,terminal_lower,F,56,,,1213.832,244.562,1436.212,557.562,43.79
F57,terminal_lower,F,57,,,1234.94,244.562,1456.327,557.645,40.951
F58,terminal_lower,F,58,,,1256.047,244.562,1476.438,557.728,42.395
F59,terminal_lower,F,59,,,1277.155,244.562,1496.543,557.811,37.963
F60,terminal_lower,F,60,,,1298.263,244.562,1516.642,557.894,37.148
F61,terminal_lower,F,61,,,1319.37,244.562,1536.737,557.977,34.481
F62,terminal_lower,F,62,,,1340.478,244.562,1556.826,558.059,32.457
G00,terminal_lower,G,0,,,31.801,264.304,298.816,572.826,64.543
G01,terminal_lower,G,1,,,52.909,264.304,319.323,572.908,61.593
G02,terminal_lower,G,2,,,74.017,264.304,339.826,572.99,69.765
G03,terminal_lower,G,3,,,95.125,264.304,360.323,573.072,65.333
G04,terminal_lower,G,4,,,116.232,264.304,380.814,573.154,57.84
G05,terminal_lower,G,5,,,137.34,264.304,401.3,573.235,71.259
G06,terminal_lower,G,6,,,158.448,264.304,421.781,573.317,67.79
G07,terminal_lower,G,7,,,179.555,264.304,442.256,573.399,68.864
G08,terminal_lower,G,8,,,200.663,264.304,462.726,573.481,73.778
G09,terminal_lower,G,9,,,221.771,264.304,483.19,573.563,70.333
G10,terminal_lower,G,10,,,242.878,264.304,503.649,573.644,78.148
G11,terminal_lower,G,11,,,263.986,264.304,524.102,573.726,73.272
G12,terminal_lower,G,12,,,285.094,264.304,544.551,573.808,85.827
G13,terminal_lower,G,13,,,306.201,264.304,564.993,573.89,76.63
G14,terminal_lower,G,14,,,327.309,264.304,585.431,573.971,82.198
G15,terminal_lower,G,15,,,348.417,264.304,605.863,574.053,85.519
G16,terminal_lower,G,16,,,369.524,264.304,626.289,574.135,84.395
G17,terminal_lower,G,17,,,390.632,264.304,646.71,574.216,64.531
G18,terminal_lower,G,18,,,411.74,264.304,667.126,574.298,89.222
G19,terminal_lower,G,19,,,432.848,264.304,687.537,574.379,89.975
G20,terminal_lower,G,20,,,453.955,264.304,707.942,574.461,91.123
G21,terminal_lower,G,21,,,475.063,264.304,728.341,574.542,94.074
G22,terminal_lower,G,22,,,496.171,264.304,748.736,574.624,79.272
G23,terminal_lower,G,23,,,517.278,264.304,769.124,574.705,94.198
G24,terminal_lower,G,24,,,538.386,264.304,789.508,574.787,83.432
G25,terminal_lower,G,25,,,559.494,264.304,809.886,574.868,83.111
G26,terminal_lower,G,26,,,580.601,264.304,830.259,574.95,77.877
G27,terminal_lower,G,27,,,601.709,264.304,850.626,575.031,86.395
G28,terminal_lower,G,28,,,622.817,264.304,870.988,575.113,79.247
G29,terminal_lower,G,29,,,643.924,264.304,891.345,575.194,74.469
G30,terminal_lower,G,30,,,665.032,264.304,911.696,575.275,70.914
G31,terminal_lower,G,31,,,686.14,264.304,932.042,575.357,76.963
G32,terminal_lower,G,32,,,707.247,264.304,952.383,575.438,79.827
G33,terminal_lower,G,33,,,728.355,264.304,972.718,575.519,81.247
G34,terminal_lower,G,34,,,749.463,264.304,993.048,575.6,85.062
G35,terminal_lower,G,35,,,770.571,264.304,1013.372,575.682,82.037
G36,terminal_lower,G,36,,,791.678,264.304,1033.691,575.763,76.815
G37,terminal_lower,G,37,,,812.786,264.304,1054.005,575.844,76.025
G38,terminal_lower,G,38,,,833.894,264.304,1074.314,575.925,73.148
G39,terminal_lower,G,39,,,855.001,264.304,1094.617,576.006,72.802
G40,terminal_lower,G,40,,,876.109,264.304,1114.915,576.087,70.37
G41,terminal_lower,G,41,,,897.217,264.304,1135.207,576.169,72.444
G42,terminal_lower,G,42,,,918.324,264.304,1155.494,576.25,63.272
G43,terminal_lower,G,43,,,939.432,264.304,1175.776,576.331,72.704
G44,terminal_lower,G,44,,,960.54,264.304,1196.052,576.412,60.309
G45,terminal_lower,G,45,,,981.647,264.304,1216.323,576.493,61.914
G46,terminal_lower,G,46,,,1002.755,264.304,1236.589,576.574,58.79
G47,terminal_lower,G,47,,,1023.863,264.304,1256.849,576.655,58.0
G48,terminal_lower,G,48,,,1044.97,264.304,1277.104,576.736,57.864
G49,terminal_lower,G,49,,,1066.078,264.304,1297.354,576.817,51.765
G50,terminal_lower,G,50,,,1087.186,264.304,1317.599,576.897,53.148
G51,terminal_lower,G,51,,,1108.294,264.304,1337.838,576.978,48.543
G52,terminal_lower,G,52,,,1129.401,264.304,1358.072,577.059,55.827
G53,terminal_lower,G,53,,,1150.509,264.304,1378.3,577.14,48.222
G54,terminal_lower,G,54,,,1171.617,264.304,1398.523,577.221,48.975
G55,terminal_lower,G,55,,,1192.724,264.304,1418.741,577.302,49.0
G56,terminal_lower,G,56,,,1213.832,264.304,1438.954,577.382,45.914
G57,terminal_lower,G,57,,,1234.94,264.304,1459.161,577.463,44.16
G58,terminal_lower,G,58,,,1256.047,264.304,1479.363,577.544,42.284
G59,terminal_lower,G,59,,,1277.155,264.304,1499.56,577.625,35.173
G60,terminal_lower,G,60,,,1298.263,264.304,1519.751,577.705,33.432
G61,terminal_lower,G,61,,,1319.37,264.304,1539.937,577.786,34.321
G62,terminal_lower,G,62,,,1340.478,264.304,1560.118,577.867,34.42
H00,terminal_lower,H,0,,,31.801,284.047,296.323,592.956,62.963
H01,terminal_lower,H,1,,,52.909,284.047,316.926,593.036,60.556
H02,terminal_lower,H,2,,,74.017,284.047,337.523,593.116,61.383
H03,terminal_lower,H,3,,,95.125,284.047,358.115,593.195,62.037
H04,terminal_lower,H,4,,,116.232,284.047,378.702,593.275,65.84
H05,terminal_lower,H,5,,,137.34,284.047,399.283,593.354,67.111
H06,terminal_lower,H,6,,,158.448,284.047,419.859,593.434,73.642
H07,terminal_lower,H,7,,,179.555,284.047,440.429,593.514,68.765
H08,terminal_lower,H,8,,,200.663,284.047,460.994,593.593,71.198
H09,terminal_lower,H,9,,,221.771,284.047,481.553,593.673,72.444
H10,terminal_lower,H,10,,,242.878,284.047,502.107,593.752,80.086
H11,terminal_lower,H,11,,,263.986,284.047,522.655,593.831,79.864
H12,terminal_lower,H,12,,,285.094,284.047,543.198,593.911,84.37
H13,terminal_lower,H,13,,,306.201,284.047,563.736,593.99,76.741
H14,terminal_lower,H,14,,,327.309,284.047,584.268,594.07,85.272
H15,terminal_lower,H,15,,,348.417,284.047,604.794,594.149,83.951
H16,terminal_lower,H,16,,,369.524,284.047,625.315,594.228,77.296
H17,terminal_lower,H,17,,,390.632,284.047,645.831,594.308,82.099
H18,terminal_lower,H,18,,,411.74,284.047,666.341,594.387,87.642
H19,terminal_lower,H,19,,,432.848,284.047,686.846,594.466,87.432
H20,terminal_lower,H,20,,,453.955,284.047,707.345,594.546,86.481
H21,terminal_lower,H,21,,,475.063,284.047,727.839,594.625,88.025
H22,terminal_lower,H,22,,,496.171,284.047,748.328,594.704,93.111
H23,terminal_lower,H,23,,,517.278,284.047,768.811,594.783,92.185
H24,terminal_lower,H,24,,,538.386,284.047,789.289,594.862,81.444
H25,terminal_lower,H,25,,,559.494,284.047,809.761,594.942,77.654
H26,terminal_lower,H,26,,,580.601,284.047,830.228,595.021,78.148
H27,terminal_lower,H,27,,,601.709,284.047,850.689,595.1,80.914
H28,terminal_lower,H,28,,,622.817,284.047,871.145,595.179,74.815
H29,terminal_lower,H,29,,,643.924,284.047,891.595,595.258,75.16
H30,terminal_lower,H,30,,,665.032,284.047,912.041,595.337,81.383
H31,terminal_lower,H,31,,,686.14,284.047,932.48,595.416,78.173
H32,terminal_lower,H,32,,,707.247,284.047,952.915,595.495,79.198
H33,terminal_lower,H,33,,,728.355,284.047,973.344,595.574,80.198
H34,terminal_lower,H,34,,,749.463,284.047,993.767,595.653,87.136
H35,terminal_lower,H,35,,,770.571,284.047,1014.185,595.732,80.123
H36,terminal_lower,H,36,,,791.678,284.047,1034.598,595.811,82.679
H37,terminal_lower,H,37,,,812.786,284.047,1055.005,595.89,80.469
H38,terminal_lower,H,38,,,833.894,284.047,1075.407,595.969,74.025
H39,terminal_lower,H,39,,,855.001,284.047,1095.804,596.048,72.988
H40,terminal_lower,H,40,,,876.109,284.047,1116.195,596.127,67.728
H41,terminal_lower,H,41,,,897.217,284.047,1136.581,596.205,69.148
H42,terminal_lower,H,42,,,918.324,284.047,1156.961,596.284,71.519
H43,terminal_lower,H,43,,,939.432,284.047,1177.336,596.363,67.938
H44,terminal_lower,H,44,,,960.54,284.047,1197.705,596.442,67.062
H45,terminal_lower,H,45,,,981.647,284.047,1218.07,596.52,57.605
H46,terminal_lower,H,46,,,1002.755,284.047,1238.428,596.599,59.926
H47,terminal_lower,H,47,,,1023.863,284.047,1258.782,596.678,64.37
H48,terminal_lower,H,48,,,1044.97,284.047,1279.13,596.757,61.988
H49,terminal_lower,H,49,,,1066.078,284.047,1299.473,596.835,56.556
H50,terminal_lower,H,50,,,1087.186,284.047,1319.81,596.914,57.37
H51,terminal_lower,H,51,,,1108.294,284.047,1340.142,596.992,50.346
H52,terminal_lower,H,52,,,1129.401,284.047,1360.469,597.071,56.222
H53,terminal_lower,H,53,,,1150.509,284.047,1380.79,597.15,52.309
H54,terminal_lower,H,54,,,1171.617,284.047,1401.106,597.228,47.914
H55,terminal_lower,H,55,,,1192.724,284.047,1421.416,597.307,47.704
H56,terminal_lower,H,56,,,1213.832,284.047,1441.721,597.385,46.173
H57,terminal_lower,H,57,,,1234.94,284.047,1462.021,597.464,47.123
H58,terminal_lower,H,58,,,1256.047,284.047,1482.316,597.542,42.481
H59,terminal_lower,H,59,,,1277.155,284.047,1502.605,597.621,42.444
H60,terminal_lower,H,60,,,1298.263,284.047,1522.888,597.699,35.444
H61,terminal_lower,H,61,,,1319.37,284.047,1543.167,597.778,35.617
H62,terminal_lower,H,62,,,1340.478,284.047,1563.44,597.856,39.284
I00,terminal_lower,I,0,,,31.801,303.789,293.807,613.274,62.21
I01,terminal_lower,I,1,,,52.909,303.789,314.506,613.352,56.074
I02,terminal_lower,I,2,,,74.017,303.789,335.2,613.429,56.148
I03,terminal_lower,I,3,,,95.125,303.789,355.888,613.506,60.827
I04,terminal_lower,I,4,,,116.232,303.789,376.57,613.583,68.198
I05,terminal_lower,I,5,,,137.34,303.789,397.248,613.661,67.951
I06,terminal_lower,I,6,,,158.448,303.789,417.919,613.738,65.901
I07,terminal_lower,I,7,,,179.555,303.789,438.585,613.815,66.864
I08,terminal_lower,I,8,,,200.663,303.789,459.246,613.892,66.37
I09,terminal_lower,I,9,,,221.771,303.789,479.901,613.969,68.926
I10,terminal_lower,I,10,,,242.878,303.789,500.55,614.047,67.901
I11,terminal_lower,I,11,,,263.986,303.789,521.194,614.124,74.716
I12,terminal_lower,I,12,,,285.094,303.789,541.833,614.201,79.309
I13,terminal_lower,I,13,,,306.201,303.789,562.466,614.278,76.852
I14,terminal_lower,I,14,,,327.309,303.789,583.094,614.355,79.877
I15,terminal_lower,I,15,,,348.417,303.789,603.716,614.432,83.42
I16,terminal_lower,I,16,,,369.524,303.789,624.332,614.509,79.605
I17,terminal_lower,I,17,,,390.632,303.789,644.943,614.586,94.605
I18,terminal_lower,I,18,,,411.74,303.789,665.549,614.663,82.123
I19,terminal_lower,I,19,,,432.848,303.789,686.149,614.74,81.086
I20,terminal_lower,I,20,,,453.955,303.789,706.743,614.817,85.469
I21,terminal_lower,I,21,,,475.063,303.789,727.333,614.894,78.975
I22,terminal_lower,I,22,,,496.171,303.789,747.916,614.971,74.494
I23,terminal_lower,I,23,,,517.278,303.789,768.494,615.047,81.642
I24,terminal_lower,I,24,,,538.386,303.789,789.067,615.124,71.519
I25,terminal_lower,I,25,,,559.494,303.789,809.634,615.201,73.086
I26,terminal_lower,I,26,,,580.601,303.789,830.196,615.278,68.481
I27,terminal_lower,I,27,,,601.709,303.789,850.752,615.355,76.605
I28,terminal_lower,I,28,,,622.817,303.789,871.303,615.432,66.889
I29,terminal_lower,I,29,,,643.924,303.789,891.848,615.508,81.951
I30,terminal_lower,I,30,,,665.032,303.789,912.388,615.585,84.037
I31,terminal_lower,I,31,,,686.14,303.789,932.923,615.662,79.469
I32,terminal_lower,I,32,,,707.247,303.789,953.452,615.738,83.642
I33,terminal_lower,I,33,,,728.355,303.789,973.975,615.815,73.691
I34,terminal_lower,I,34,,,749.463,303.789,994.493,615.892,86.457
I35,terminal_lower,I,35,,,770.571,303.789,1015.006,615.968,80.198
I36,terminal_lower,I,36,,,791.678,303.789,1035.513,616.045,77.309
I37,terminal_lower,I,37,,,812.786,303.789,1056.015,616.122,76.642
I38,terminal_lower,I,38,,,833.894,303.789,1076.511,616.198,68.309
I39,terminal_lower,I,39,,,855.001,303.789,1097.002,616.275,69.951
I40,terminal_lower,I,40,,,876.109,303.789,1117.487,616.351,72.556
I41,terminal_lower,I,41,,,897.217,303.789,1137.967,616.428,72.444
I42,terminal_lower,I,42,,,918.324,303.789,1158.441,616.504,69.136
I43,terminal_lower,I,43,,,939.432,303.789,1178.91,616.581,68.975
I44,terminal_lower,I,44,,,960.54,303.789,1199.374,616.657,64.136
I45,terminal_lower,I,45,,,981.647,303.789,1219.832,616.734,60.481
I46,terminal_lower,I,46,,,1002.755,303.789,1240.285,616.81,63.531
I47,terminal_lower,I,47,,,1023.863,303.789,1260.732,616.886,59.691
I48,terminal_lower,I,48,,,1044.97,303.789,1281.174,616.963,58.63
I49,terminal_lower,I,49,,,1066.078,303.789,1301.611,617.039,55.901
I50,terminal_lower,I,50,,,1087.186,303.789,1322.042,617.115,55.827
I51,terminal_lower,I,51,,,1108.294,303.789,1342.467,617.192,53.815
I52,terminal_lower,I,52,,,1129.401,303.789,1362.888,617.268,53.679
I53,terminal_lower,I,53,,,1150.509,303.789,1383.302,617.344,52.049
I54,terminal_lower,I,54,,,1171.617,303.789,1403.712,617.42,53.975
I55,terminal_lower,I,55,,,1192.724,303.789,1424.116,617.497,50.864
I56,terminal_lower,I,56,,,1213.832,303.789,1444.514,617.573,45.901
I57,terminal_lower,I,57,,,1234.94,303.789,1464.907,617.649,45.099
I58,terminal_lower,I,58,,,1256.047,303.789,1485.295,617.725,46.741
I59,terminal_lower,I,59,,,1277.155,303.789,1505.678,617.801,44.506
I60,terminal_lower,I,60,,,1298.263,303.789,1526.055,617.877,32.568
I61,terminal_lower,I,61,,,1319.37,303.789,1546.426,617.954,33.84
I62,terminal_lower,I,62,,,1340.478,303.789,1566.792,618.03,35.148
J00,terminal_lower,J,0,,,31.801,323.532,291.267,633.782,62.198
J01,terminal_lower,J,1,,,52.909,323.532,312.063,633.857,60.605
J02,terminal_lower,J,2,,,74.017,323.532,332.854,633.932,56.148
J03,terminal_lower,J,3,,,95.125,323.532,353.639,634.007,63.395
J04,terminal_lower,J,4,,,116.232,323.532,374.419,634.082,61.049
J05,terminal_lower,J,5,,,137.34,323.532,395.193,634.157,66.099
J06,terminal_lower,J,6,,,158.448,323.532,415.961,634.231,67.79
J07,terminal_lower,J,7,,,179.555,323.532,436.724,634.306,65.21
J08,terminal_lower,J,8,,,200.663,323.532,457.481,634.381,63.284
J09,terminal_lower,J,9,,,221.771,323.532,478.233,634.456,71.062
J10,terminal_lower,J,10,,,242.878,323.532,498.979,634.531,71.753
J11,terminal_lower,J,11,,,263.986,323.532,519.72,634.605,74.926
J12,terminal_lower,J,12,,,285.094,323.532,540.455,634.68,71.395
J13,terminal_lower,J,13,,,306.201,323.532,561.185,634.755,80.284
J14,terminal_lower,J,14,,,327.309,323.532,581.909,634.829,78.086
J15,terminal_lower,J,15,,,348.417,323.532,602.627,634.904,79.123
J16,terminal_lower,J,16,,,369.524,323.532,623.34,634.979,75.222
J17,terminal_lower,J,17,,,390.632,323.532,644.047,635.053,82.333
J18,terminal_lower,J,18,,,411.74,323.532,664.749,635.128,80.975
J19,terminal_lower,J,19,,,432.848,323.532,685.445,635.202,85.358
J20,terminal_lower,J,20,,,453.955,323.532,706.136,635.277,87.407
J21,terminal_lower,J,21,,,475.063,323.532,726.821,635.352,89.284
J22,terminal_lower,J,22,,,496.171,323.532,747.501,635.426,85.247
J23,terminal_lower,J,23,,,517.278,323.532,768.175,635.501,82.728
J24,terminal_lower,J,24,,,538.386,323.532,788.844,635.575,76.333
J25,terminal_lower,J,25,,,559.494,323.532,809.507,635.65,69.37
J26,terminal_lower,J,26,,,580.601,323.532,830.164,635.724,70.395
J27,terminal_lower,J,27,,,601.709,323.532,850.816,635.798,69.284
J28,terminal_lower,J,28,,,622.817,323.532,871.463,635.873,72.741
J29,terminal_lower,J,29,,,643.924,323.532,892.104,635.947,79.543
J30,terminal_lower,J,30,,,665.032,323.532,912.739,636.021,83.506
J31,terminal_lower,J,31,,,686.14,323.532,933.369,636.096,78.358
J32,terminal_lower,J,32,,,707.247,323.532,953.994,636.17,81.827
J33,terminal_lower,J,33,,,728.355,323.532,974.612,636.244,77.173
J34,terminal_lower,J,34,,,749.463,323.532,995.226,636.319,75.691
J35,terminal_lower,J,35,,,770.571,323.532,1015.834,636.393,83.259
J36,terminal_lower,J,36,,,791.678,323.532,1036.436,636.467,73.531
J37,terminal_lower,J,37,,,812.786,323.532,1057.033,636.541,75.926
J38,terminal_lower,J,38,,,833.894,323.532,1077.625,636.616,69.469
J39,terminal_lower,J,39,,,855.001,323.532,1098.211,636.69,70.469
J40,terminal_lower,J,40,,,876.109,323.532,1118.791,636.764,63.123
J41,terminal_lower,J,41,,,897.217,323.532,1139.366,636.838,69.333
J42,terminal_lower,J,42,,,918.324,323.532,1159.936,636.912,68.531
J43,terminal_lower,J,43,,,939.432,323.532,1180.5,636.986,70.877
J44,terminal_lower,J,44,,,960.54,323.532,1201.058,637.06,64.272
J45,terminal_lower,J,45,,,981.647,323.532,1221.611,637.134,50.593
J46,terminal_lower,J,46,,,1002.755,323.532,1242.159,637.208,56.444
J47,terminal_lower,J,47,,,1023.863,323.532,1262.701,637.283,58.667
J48,terminal_lower,J,48,,,1044.97,323.532,1283.237,637.357,60.272
J49,terminal_lower,J,49,,,1066.078,323.532,1303.768,637.43,54.407
J50,terminal_lower,J,50,,,1087.186,323.532,1324.294,637.504,57.012
J51,terminal_lower,J,51,,,1108.294,323.532,1344.814,637.578,53.173
J52,terminal_lower,J,52,,,1129.401,323.532,1365.329,637.652,53.938
J53,terminal_lower,J,53,,,1150.509,323.532,1385.838,637.726,46.815
J54,terminal_lower,J,54,,,1171.617,323.532,1406.342,637.8,43.753
J55,terminal_lower,J,55,,,1192.724,323.532,1426.84,637.874,44.333
J56,terminal_lower,J,56,,,1213.832,323.532,1447.333,637.948,48.519
J57,terminal_lower,J,57,,,1234.94,323.532,1467.821,638.022,47.704
J58,terminal_lower,J,58,,,1256.047,323.532,1488.303,638.095,45.679
J59,terminal_lower,J,59,,,1277.155,323.532,1508.779,638.169,39.975
J60,terminal_lower,J,60,,,1298.263,323.532,1529.25,638.243,39.457
J61,terminal_lower,J,61,,,1319.37,323.532,1549.716,638.317,32.432
J62,terminal_lower,J,62,,,1340.478,323.532,1570.176,638.39,35.37
top_pos_00,power_rail,top_pos,0,0,0,70.603,27.03,362.782,344.842,22.741
top_pos_01,power_rail,top_pos,1,0,1,91.811,27.03,382.293,344.949,35.333
top_pos_02,power_rail,top_pos,2,0,2,113.019,27.03,401.799,345.055,30.716
top_pos_03,power_rail,top_pos,3,0,3,134.227,27.03,421.3,345.162,32.704
top_pos_04,power_rail,top_pos,4,0,4,155.434,27.03,440.796,345.268,32.901
top_pos_05,power_rail,top_pos,5,1,0,197.85,27.03,479.774,345.482,32.988
top_pos_06,power_rail,top_pos,6,1,1,219.058,27.03,499.255,345.588,43.802
top_pos_07,power_rail,top_pos,7,1,2,240.266,27.03,518.732,345.695,36.284
top_pos_08,power_rail,top_pos,8,1,3,261.474,27.03,538.203,345.801,37.63
top_pos_09,power_rail,top_pos,9,1,4,282.682,27.03,557.67,345.908,32.815
top_pos_10,power_rail,top_pos,10,2,0,325.098,27.03,596.589,346.121,41.284
top_pos_11,power_rail,top_pos,11,2,1,346.306,27.03,616.041,346.227,53.506
top_pos_12,power_rail,top_pos,12,2,2,367.514,27.03,635.488,346.333,53.506
top_pos_13,power_rail,top_pos,13,2,3,388.722,27.03,654.93,346.44,59.988
top_pos_14,power_rail,top_pos,14,2,4,409.93,27.03,674.368,346.546,49.827
top_pos_15,power_rail,top_pos,15,3,0,452.346,27.03,713.228,346.758,51.012
top_pos_16,power_rail,top_pos,16,3,1,473.554,27.03,732.651,346.865,50.358
top_pos_17,power_rail,top_pos,17,3,2,494.762,27.03,752.069,346.971,50.358
top_pos_18,power_rail,top_pos,18,3,3,515.97,27.03,771.482,347.077,52.988
top_pos_19,power_rail,top_pos,19,3,4,537.178,27.03,790.89,347.183,47.432
top_pos_20,power_rail,top_pos,20,4,0,579.593,27.03,829.691,347.395,45.988
top_pos_21,power_rail,top_pos,21,4,1,600.801,27.03,849.085,347.501,46.58
top_pos_22,power_rail,top_pos,22,4,2,622.009,27.03,868.474,347.607,51.778
top_pos_23,power_rail,top_pos,23,4,3,643.217,27.03,887.857,347.713,53.543
top_pos_24,power_rail,top_pos,24,4,4,664.425,27.03,907.236,347.819,38.222
top_pos_25,power_rail,top_pos,25,5,0,706.841,27.03,945.98,348.031,35.642
top_pos_26,power_rail,top_pos,26,5,1,728.049,27.03,965.344,348.137,36.173
top_pos_27,power_rail,top_pos,27,5,2,749.257,27.03,984.703,348.243,38.778
top_pos_28,power_rail,top_pos,28,5,3,770.465,27.03,1004.058,348.349,45.21
top_pos_29,power_rail,top_pos,29,5,4,791.673,27.03,1023.408,348.455,38.395
top_pos_30,power_rail,top_pos,30,6,0,834.089,27.03,1062.093,348.666,36.914
top_pos_31,power_rail,top_pos,31,6,1,855.297,27.03,1081.428,348.772,30.395
top_pos_32,power_rail,top_pos,32,6,2,876.505,27.03,1100.759,348.878,48.296
top_pos_33,power_rail,top_pos,33,6,3,897.713,27.03,1120.084,348.983,44.358
top_pos_34,power_rail,top_pos,34,6,4,918.921,27.03,1139.405,349.089,38.432
top_pos_35,power_rail,top_pos,35,7,0,961.337,27.03,1178.032,349.3,37.025
top_pos_36,power_rail,top_pos,36,7,1,982.545,27.03,1197.338,349.406,38.778
top_pos_37,power_rail,top_pos,37,7,2,1003.752,27.03,1216.639,349.512,43.926
top_pos_38,power_rail,top_pos,38,7,3,1024.96,27.03,1235.936,349.617,38.951
top_pos_39,power_rail,top_pos,39,7,4,1046.168,27.03,1255.228,349.723,40.0
top_pos_40,power_rail,top_pos,40,8,0,1088.584,27.03,1293.797,349.934,51.309
top_pos_41,power_rail,top_pos,41,8,1,1109.792,27.03,1313.074,350.039,36.21
top_pos_42,power_rail,top_pos,42,8,2,1131.0,27.03,1332.346,350.144,42.235
top_pos_43,power_rail,top_pos,43,8,3,1152.208,27.03,1351.614,350.25,39.815
top_pos_44,power_rail,top_pos,44,8,4,1173.416,27.03,1370.877,350.355,36.531
top_pos_45,power_rail,top_pos,45,9,0,1215.832,27.03,1409.388,350.566,43.062
top_pos_46,power_rail,top_pos,46,9,1,1237.04,27.03,1428.636,350.671,40.914
top_pos_47,power_rail,top_pos,47,9,2,1258.248,27.03,1447.88,350.776,38.753
top_pos_48,power_rail,top_pos,48,9,3,1279.456,27.03,1467.118,350.881,39.136
top_pos_49,power_rail,top_pos,49,9,4,1300.664,27.03,1486.352,350.987,42.21
top_neg_00,power_rail,top_neg,0,0,0,70.603,47.612,360.613,363.678,17.42
top_neg_01,power_rail,top_neg,1,0,1,91.811,47.612,380.213,363.783,26.272
top_neg_02,power_rail,top_neg,2,0,2,113.019,47.612,399.809,363.887,28.235
top_neg_03,power_rail,top_neg,3,0,3,134.227,47.612,419.399,363.992,26.173
top_neg_04,power_rail,top_neg,4,0,4,155.434,47.612,438.985,364.097,30.951
top_neg_05,power_rail,top_neg,5,1,0,197.85,47.612,478.141,364.306,41.432
top_neg_06,power_rail,top_neg,6,1,1,219.058,47.612,497.711,364.411,37.074
top_neg_07,power_rail,top_neg,7,1,2,240.266,47.612,517.277,364.515,38.333
top_neg_08,power_rail,top_neg,8,1,3,261.474,47.612,536.838,364.62,33.358
top_neg_09,power_rail,top_neg,9,1,4,282.682,47.612,556.394,364.725,38.815
top_neg_10,power_rail,top_neg,10,2,0,325.098,47.612,595.491,364.934,33.926
top_neg_11,power_rail,top_neg,11,2,1,346.306,47.612,615.032,365.038,42.679
top_neg_12,power_rail,top_neg,12,2,2,367.514,47.612,634.568,365.143,53.704
top_neg_13,power_rail,top_neg,13,2,3,388.722,47.612,654.099,365.247,38.519
top_neg_14,power_rail,top_neg,14,2,4,409.93,47.612,673.625,365.352,43.457
top_neg_15,power_rail,top_neg,15,3,0,452.346,47.612,712.663,365.56,53.0
top_neg_16,power_rail,top_neg,16,3,1,473.554,47.612,732.174,365.665,49.864
top_neg_17,power_rail,top_neg,17,3,2,494.762,47.612,751.681,365.769,39.235
top_neg_18,power_rail,top_neg,18,3,3,515.97,47.612,771.183,365.873,46.593
top_neg_19,power_rail,top_neg,19,3,4,537.178,47.612,790.679,365.977,48.901
top_neg_20,power_rail,top_neg,20,4,0,579.593,47.612,829.658,366.186,51.321
top_neg_21,power_rail,top_neg,21,4,1,600.801,47.612,849.14,366.29,43.815
top_neg_22,power_rail,top_neg,22,4,2,622.009,47.612,868.617,366.394,64.222
top_neg_23,power_rail,top_neg,23,4,3,643.217,47.612,888.089,366.498,58.568
top_neg_24,power_rail,top_neg,24,4,4,664.425,47.612,907.556,366.602,49.494
top_neg_25,power_rail,top_neg,25,5,0,706.841,47.612,946.476,366.811,43.333
top_neg_26,power_rail,top_neg,26,5,1,728.049,47.612,965.929,366.915,50.136
top_neg_27,power_rail,top_neg,27,5,2,749.257,47.612,985.376,367.019,46.469
top_neg_28,power_rail,top_neg,28,5,3,770.465,47.612,1004.819,367.123,41.444
top_neg_29,power_rail,top_neg,29,5,4,791.673,47.612,1024.257,367.227,48.296
top_neg_30,power_rail,top_neg,30,6,0,834.089,47.612,1063.118,367.434,42.346
top_neg_31,power_rail,top_neg,31,6,1,855.297,47.612,1082.541,367.538,41.691
top_neg_32,power_rail,top_neg,32,6,2,876.505,47.612,1101.959,367.642,48.309
top_neg_33,power_rail,top_neg,33,6,3,897.713,47.612,1121.372,367.746,52.951
top_neg_34,power_rail,top_neg,34,6,4,918.921,47.612,1140.781,367.85,41.395
top_neg_35,power_rail,top_neg,35,7,0,961.337,47.612,1179.583,368.057,41.16
top_neg_36,power_rail,top_neg,36,7,1,982.545,47.612,1198.977,368.161,47.926
top_neg_37,power_rail,top_neg,37,7,2,1003.752,47.612,1218.366,368.264,47.827
top_neg_38,power_rail,top_neg,38,7,3,1024.96,47.612,1237.75,368.368,44.667
top_neg_39,power_rail,top_neg,39,7,4,1046.168,47.612,1257.129,368.472,44.407
top_neg_40,power_rail,top_neg,40,8,0,1088.584,47.612,1295.873,368.679,40.926
top_neg_41,power_rail,top_neg,41,8,1,1109.792,47.612,1315.238,368.783,41.852
top_neg_42,power_rail,top_neg,42,8,2,1131.0,47.612,1334.598,368.886,40.395
top_neg_43,power_rail,top_neg,43,8,3,1152.208,47.612,1353.952,368.99,33.963
top_neg_44,power_rail,top_neg,44,8,4,1173.416,47.612,1373.302,369.093,37.568
top_neg_45,power_rail,top_neg,45,9,0,1215.832,47.612,1411.988,369.3,45.185
top_neg_46,power_rail,top_neg,46,9,1,1237.04,47.612,1431.323,369.403,43.988
top_neg_47,power_rail,top_neg,47,9,2,1258.248,47.612,1450.654,369.507,37.914
top_neg_48,power_rail,top_neg,48,9,3,1279.456,47.612,1469.979,369.61,32.765
top_neg_49,power_rail,top_neg,49,9,4,1300.664,47.612,1489.3,369.713,41.123
bottom_pos_00,power_rail,bottom_pos,0,0,0,70.603,383.013,322.242,696.869,38.679
bottom_pos_01,power_rail,bottom_pos,1,0,1,91.811,383.013,343.426,696.937,49.432
bottom_pos_02,power_rail,bottom_pos,2,0,2,113.019,383.013,364.605,697.005,56.975
bottom_pos_03,power_rail,bottom_pos,3,0,3,134.227,383.013,385.777,697.072,63.753
bottom_pos_04,power_rail,bottom_pos,4,0,4,155.434,383.013,406.944,697.14,65.79
bottom_pos_05,power_rail,bottom_pos,5,1,0,197.85,383.013,449.26,697.275,58.21
bottom_pos_06,power_rail,bottom_pos,6,1,1,219.058,383.013,470.409,697.343,65.79
bottom_pos_07,power_rail,bottom_pos,7,1,2,240.266,383.013,491.553,697.411,66.062
bottom_pos_08,power_rail,bottom_pos,8,1,3,261.474,383.013,512.69,697.478,65.605
bottom_pos_09,power_rail,bottom_pos,9,1,4,282.682,383.013,533.822,697.546,65.58
bottom_pos_10,power_rail,bottom_pos,10,2,0,325.098,383.013,576.069,697.681,70.531
bottom_pos_11,power_rail,bottom_pos,11,2,1,346.306,383.013,597.184,697.748,75.889
bottom_pos_12,power_rail,bottom_pos,12,2,2,367.514,383.013,618.293,697.816,48.593
bottom_pos_13,power_rail,bottom_pos,13,2,3,388.722,383.013,639.396,697.883,69.741
bottom_pos_14,power_rail,bottom_pos,14,2,4,409.93,383.013,660.493,697.951,75.062
bottom_pos_15,power_rail,bottom_pos,15,3,0,452.346,383.013,702.671,698.086,59.123
bottom_pos_16,power_rail,bottom_pos,16,3,1,473.554,383.013,723.751,698.153,69.099
bottom_pos_17,power_rail,bottom_pos,17,3,2,494.762,383.013,744.826,698.22,69.901
bottom_pos_18,power_rail,bottom_pos,18,3,3,515.97,383.013,765.894,698.288,75.284
bottom_pos_19,power_rail,bottom_pos,19,3,4,537.178,383.013,786.957,698.355,63.864
bottom_pos_20,power_rail,bottom_pos,20,4,0,579.593,383.013,829.066,698.49,72.407
bottom_pos_21,power_rail,bottom_pos,21,4,1,600.801,383.013,850.112,698.557,64.765
bottom_pos_22,power_rail,bottom_pos,22,4,2,622.009,383.013,871.152,698.624,65.309
bottom_pos_23,power_rail,bottom_pos,23,4,3,643.217,383.013,892.186,698.692,60.037
bottom_pos_24,power_rail,bottom_pos,24,4,4,664.425,383.013,913.215,698.759,63.457
bottom_pos_25,power_rail,bottom_pos,25,5,0,706.841,383.013,955.255,698.893,64.358
bottom_pos_26,power_rail,bottom_pos,26,5,1,728.049,383.013,976.266,698.96,64.012
bottom_pos_27,power_rail,bottom_pos,27,5,2,749.257,383.013,997.272,699.027,63.716
bottom_pos_28,power_rail,bottom_pos,28,5,3,770.465,383.013,1018.272,699.095,67.037
bottom_pos_29,power_rail,bottom_pos,29,5,4,791.673,383.013,1039.266,699.162,64.519
bottom_pos_30,power_rail,bottom_pos,30,6,0,834.089,383.013,1081.238,699.296,67.889
bottom_pos_31,power_rail,bottom_pos,31,6,1,855.297,383.013,1102.215,699.363,62.889
bottom_pos_32,power_rail,bottom_pos,32,6,2,876.505,383.013,1123.186,699.43,57.136
bottom_pos_33,power_rail,bottom_pos,33,6,3,897.713,383.013,1144.152,699.497,61.383
bottom_pos_34,power_rail,bottom_pos,34,6,4,918.921,383.013,1165.112,699.564,62.235
bottom_pos_35,power_rail,bottom_pos,35,7,0,961.337,383.013,1207.015,699.698,62.568
bottom_pos_36,power_rail,bottom_pos,36,7,1,982.545,383.013,1227.958,699.765,61.296
bottom_pos_37,power_rail,bottom_pos,37,7,2,1003.752,383.013,1248.895,699.832,61.889
bottom_pos_38,power_rail,bottom_pos,38,7,3,1024.96,383.013,1269.827,699.899,60.395
bottom_pos_39,power_rail,bottom_pos,39,7,4,1046.168,383.013,1290.753,699.966,56.79
bottom_pos_40,power_rail,bottom_pos,40,8,0,1088.584,383.013,1332.587,700.1,51.617
bottom_pos_41,power_rail,bottom_pos,41,8,1,1109.792,383.013,1353.496,700.166,54.951
bottom_pos_42,power_rail,bottom_pos,42,8,2,1131.0,383.013,1374.399,700.233,56.778
bottom_pos_43,power_rail,bottom_pos,43,8,3,1152.208,383.013,1395.297,700.3,48.037
bottom_pos_44,power_rail,bottom_pos,44,8,4,1173.416,383.013,1416.189,700.367,45.494
bottom_pos_45,power_rail,bottom_pos,45,9,0,1215.832,383.013,1457.955,700.5,49.827
bottom_pos_46,power_rail,bottom_pos,46,9,1,1237.04,383.013,1478.83,700.567,50.173
bottom_pos_47,power_rail,bottom_pos,47,9,2,1258.248,383.013,1499.699,700.634,41.753
bottom_pos_48,power_rail,bottom_pos,48,9,3,1279.456,383.013,1520.563,700.701,40.728
bottom_pos_49,power_rail,bottom_pos,49,9,4,1300.664,383.013,1541.421,700.767,21.765
bottom_neg_00,power_rail,bottom_neg,0,0,0,70.603,403.595,319.686,719.072,49.506
bottom_neg_01,power_rail,bottom_neg,1,0,1,91.811,403.595,340.975,719.137,51.605
bottom_neg_02,power_rail,bottom_neg,2,0,2,113.019,403.595,362.259,719.202,58.074
bottom_neg_03,power_rail,bottom_neg,3,0,3,134.227,403.595,383.537,719.267,56.198
bottom_neg_04,power_rail,bottom_neg,4,0,4,155.434,403.595,404.809,719.332,61.444
bottom_neg_05,power_rail,bottom_neg,5,1,0,197.85,403.595,447.335,719.462,55.173
bottom_neg_06,power_rail,bottom_neg,6,1,1,219.058,403.595,468.59,719.527,56.679
bottom_neg_07,power_rail,bottom_neg,7,1,2,240.266,403.595,489.839,719.591,55.593
bottom_neg_08,power_rail,bottom_neg,8,1,3,261.474,403.595,511.081,719.656,53.691
bottom_neg_09,power_rail,bottom_neg,9,1,4,282.682,403.595,532.318,719.721,58.691
bottom_neg_10,power_rail,bottom_neg,10,2,0,325.098,403.595,574.775,719.851,61.877
bottom_neg_11,power_rail,bottom_neg,11,2,1,346.306,403.595,595.995,719.916,61.506
bottom_neg_12,power_rail,bottom_neg,12,2,2,367.514,403.595,617.208,719.98,84.765
bottom_neg_13,power_rail,bottom_neg,13,2,3,388.722,403.595,638.416,720.045,57.568
bottom_neg_14,power_rail,bottom_neg,14,2,4,409.93,403.595,659.618,720.11,57.914
bottom_neg_15,power_rail,bottom_neg,15,3,0,452.346,403.595,702.005,720.239,67.506
bottom_neg_16,power_rail,bottom_neg,16,3,1,473.554,403.595,723.19,720.304,67.321
bottom_neg_17,power_rail,bottom_neg,17,3,2,494.762,403.595,744.369,720.369,69.926
bottom_neg_18,power_rail,bottom_neg,18,3,3,515.97,403.595,765.542,720.433,69.469
bottom_neg_19,power_rail,bottom_neg,19,3,4,537.178,403.595,786.709,720.498,56.63
bottom_neg_20,power_rail,bottom_neg,20,4,0,579.593,403.595,829.027,720.627,64.728
bottom_neg_21,power_rail,bottom_neg,21,4,1,600.801,403.595,850.177,720.692,72.815
bottom_neg_22,power_rail,bottom_neg,22,4,2,622.009,403.595,871.321,720.756,65.84
bottom_neg_23,power_rail,bottom_neg,23,4,3,643.217,403.595,892.459,720.821,64.346
bottom_neg_24,power_rail,bottom_neg,24,4,4,664.425,403.595,913.592,720.886,59.543
bottom_neg_25,power_rail,bottom_neg,25,5,0,706.841,403.595,955.84,721.015,50.259
bottom_neg_26,power_rail,bottom_neg,26,5,1,728.049,403.595,976.955,721.079,51.679
bottom_neg_27,power_rail,bottom_neg,27,5,2,749.257,403.595,998.064,721.143,57.889
bottom_neg_28,power_rail,bottom_neg,28,5,3,770.465,403.595,1019.168,721.208,53.284
bottom_neg_29,power_rail,bottom_neg,29,5,4,791.673,403.595,1040.266,721.272,43.296
bottom_neg_30,power_rail,bottom_neg,30,6,0,834.089,403.595,1082.444,721.401,46.877
bottom_neg_31,power_rail,bottom_neg,31,6,1,855.297,403.595,1103.525,721.466,51.58
bottom_neg_32,power_rail,bottom_neg,32,6,2,876.505,403.595,1124.6,721.53,55.531
bottom_neg_33,power_rail,bottom_neg,33,6,3,897.713,403.595,1145.669,721.594,65.716
bottom_neg_34,power_rail,bottom_neg,34,6,4,918.921,403.595,1166.732,721.659,47.556
bottom_neg_35,power_rail,bottom_neg,35,7,0,961.337,403.595,1208.842,721.787,52.025
bottom_neg_36,power_rail,bottom_neg,36,7,1,982.545,403.595,1229.888,721.852,55.802
bottom_neg_37,power_rail,bottom_neg,37,7,2,1003.752,403.595,1250.928,721.916,51.049
bottom_neg_38,power_rail,bottom_neg,38,7,3,1024.96,403.595,1271.963,721.98,49.889
bottom_neg_39,power_rail,bottom_neg,39,7,4,1046.168,403.595,1292.992,722.044,46.346
bottom_neg_40,power_rail,bottom_neg,40,8,0,1088.584,403.595,1335.032,722.173,49.395
bottom_neg_41,power_rail,bottom_neg,41,8,1,1109.792,403.595,1356.044,722.237,49.21
bottom_neg_42,power_rail,bottom_neg,42,8,2,1131.0,403.595,1377.05,722.301,44.321
bottom_neg_43,power_rail,bottom_neg,43,8,3,1152.208,403.595,1398.05,722.365,44.136
bottom_neg_44,power_rail,bottom_neg,44,8,4,1173.416,403.595,1419.045,722.429,39.198
bottom_neg_45,power_rail,bottom_neg,45,9,0,1215.832,403.595,1461.017,722.557,45.049
bottom_neg_46,power_rail,bottom_neg,46,9,1,1237.04,403.595,1481.994,722.621,46.432
bottom_neg_47,power_rail,bottom_neg,47,9,2,1258.248,403.595,1502.966,722.685,42.074
bottom_neg_48,power_rail,bottom_neg,48,9,3,1279.456,403.595,1523.932,722.749,36.815
bottom_neg_49,power_rail,bottom_neg,49,9,4,1300.664,403.595,1544.892,722.813,25.272
