name,connection_type,axis,member_count,member_ids,adjacent_pairs
terminal_upper_col_00,vertical_terminal_strip,vertical,5,A00;B00;C00;D00;E00,A00<->B00;B00<->C00;C00<->D00;D00<->E00
terminal_lower_col_00,vertical_terminal_strip,vertical,5,F00;G00;H00;I00;J00,F00<->G00;G00<->H00;H00<->I00;I00<->J00
terminal_upper_col_01,vertical_terminal_strip,vertical,5,A01;B01;C01;D01;E01,A01<->B01;B01<->C01;C01<->D01;D01<->E01
terminal_lower_col_01,vertical_terminal_strip,vertical,5,F01;G01;H01;I01;J01,F01<->G01;G01<->H01;H01<->I01;I01<->J01
terminal_upper_col_02,vertical_terminal_strip,vertical,5,A02;B02;C02;D02;E02,A02<->B02;B02<->C02;C02<->D02;D02<->E02
terminal_lower_col_02,vertical_terminal_strip,vertical,5,F02;G02;H02;I02;J02,F02<->G02;G02<->H02;H02<->I02;I02<->J02
terminal_upper_col_03,vertical_terminal_strip,vertical,5,A03;B03;C03;D03;E03,A03<->B03;B03<->C03;C03<->D03;D03<->E03
terminal_lower_col_03,vertical_terminal_strip,vertical,5,F03;G03;H03;I03;J03,F03<->G03;G03<->H03;H03<->I03;I03<->J03
terminal_upper_col_04,vertical_terminal_strip,vertical,5,A04;B04;C04;D04;E04,A04<->B04;B04<->C04;C04<->D04;D04<->E04
terminal_lower_col_04,vertical_terminal_strip,vertical,5,F04;G04;H04;I04;J04,F04<->G04;G04<->H04;H04<->I04;I04<->J04
terminal_upper_col_05,vertical_terminal_strip,vertical,5,A05;B05;C05;D05;E05,A05<->B05;B05<->C05;C05<->D05;D05<->E05
terminal_lower_col_05,vertical_terminal_strip,vertical,5,F05;G05;H05;I05;J05,F05<->G05;G05<->H05;H05<->I05;I05<->J05
terminal_upper_col_06,vertical_terminal_strip,vertical,5,A06;B06;C06;D06;E06,A06<->B06;B06<->C06;C06<->D06;D06<->E06
terminal_lower_col_06,vertical_terminal_strip,vertical,5,F06;G06;H06;I06;J06,F06<->G06;G06<->H06;H06<->I06;I06<->J06
terminal_upper_col_07,vertical_terminal_strip,vertical,5,A07;B07;C07;D07;E07,A07<->B07;B07<->C07;C07<->D07;D07<->E07
terminal_lower_col_07,vertical_terminal_strip,vertical,5,F07;G07;H07;I07;J07,F07<->G07;G07<->H07;H07<->I07;I07<->J07
terminal_upper_col_08,vertical_terminal_strip,vertical,5,A08;B08;C08;D08;E08,A08<->B08;B08<->C08;C08<->D08;D08<->E08
terminal_lower_col_08,vertical_terminal_strip,vertical,5,F08;G08;H08;I08;J08,F08<->G08;G08<->H08;H08<->I08;I08<->J08
terminal_upper_col_09,vertical_terminal_strip,vertical,5,A09;B09;C09;D09;E09,A09<->B09;B09<->C09;C09<->D09;D09<->E09
terminal_lower_col_09,vertical_terminal_strip,vertical,5,F09;G09;H09;I09;J09,F09<->G09;G09<->H09;H09<->I09;I09<->J09
terminal_upper_col_10,vertical_terminal_strip,vertical,5,A10;B10;C10;D10;E10,A10<->B10;B10<->C10;C10<->D10;D10<->E10
terminal_lower_col_10,vertical_terminal_strip,vertical,5,F10;G10;H10;I10;J10,F10<->G10;G10<->H10;H10<->I10;I10<->J10
terminal_upper_col_11,vertical_terminal_strip,vertical,5,A11;B11;C11;D11;E11,A11<->B11;B11<->C11;C11<->D11;D11<->E11
terminal_lower_col_11,vertical_terminal_strip,vertical,5,F11;G11;H11;I11;J11,F11<->G11;G11<->H11;H11<->I11;I11<->J11
terminal_upper_col_12,vertical_terminal_strip,vertical,5,A12;B12;C12;D12;E12,A12<->B12;B12<->C12;C12<->D12;D12<->E12
terminal_lower_col_12,vertical_terminal_strip,vertical,5,F12;G12;H12;I12;J12,F12<->G12;G12<->H12;H12<->I12;I12<->J12
terminal_upper_col_13,vertical_terminal_strip,vertical,5,A13;B13;C13;D13;E13,A13<->B13;B13<->C13;C13<->D13;D13<->E13
terminal_lower_col_13,vertical_terminal_strip,vertical,5,F13;G13;H13;I13;J13,F13<->G13;G13<->H13;H13<->I13;I13<->J13
terminal_upper_col_14,vertical_terminal_strip,vertical,5,A14;B14;C14;D14;E14,A14<->B14;B14<->C14;C14<->D14;D14<->E14
terminal_lower_col_14,vertical_terminal_strip,vertical,5,F14;G14;H14;I14;J14,F14<->G14;G14<->H14;H14<->I14;I14<->J14
terminal_upper_col_15,vertical_terminal_strip,vertical,5,A15;B15;C15;D15;E15,A15<->B15;B15<->C15;C15<->D15;D15<->E15
terminal_lower_col_15,vertical_terminal_strip,vertical,5,F15;G15;H15;I15;J15,F15<->G15;G15<->H15;H15<->I15;I15<->J15
terminal_upper_col_16,vertical_terminal_strip,vertical,5,A16;B16;C16;D16;E16,A16<->B16;B16<->C16;C16<->D16;D16<->E16
terminal_lower_col_16,vertical_terminal_strip,vertical,5,F16;G16;H16;I16;J16,F16<->G16;G16<->H16;H16<->I16;I16<->J16
terminal_upper_col_17,vertical_terminal_strip,vertical,5,A17;B17;C17;D17;E17,A17<->B17;B17<->C17;C17<->D17;D17<->E17
terminal_lower_col_17,vertical_terminal_strip,vertical,5,F17;G17;H17;I17;J17,F17<->G17;G17<->H17;H17<->I17;I17<->J17
terminal_upper_col_18,vertical_terminal_strip,vertical,5,A18;B18;C18;D18;E18,A18<->B18;B18<->C18;C18<->D18;D18<->E18
terminal_lower_col_18,vertical_terminal_strip,vertical,5,F18;G18;H18;I18;J18,F18<->G18;G18<->H18;H18<->I18;I18<->J18
terminal_upper_col_19,vertical_terminal_strip,vertical,5,A19;B19;C19;D19;E19,A19<->B19;B19<->C19;C19<->D19;D19<->E19
terminal_lower_col_19,vertical_terminal_strip,vertical,5,F19;G19;H19;I19;J19,F19<->G19;G19<->H19;H19<->I19;I19<->J19
terminal_upper_col_20,vertical_terminal_strip,vertical,5,A20;B20;C20;D20;E20,A20<->B20;B20<->C20;C20<->D20;D20<->E20
terminal_lower_col_20,vertical_terminal_strip,vertical,5,F20;G20;H20;I20;J20,F20<->G20;G20<->H20;H20<->I20;I20<->J20
terminal_upper_col_21,vertical_terminal_strip,vertical,5,A21;B21;C21;D21;E21,A21<->B21;B21<->C21;C21<->D21;D21<->E21
terminal_lower_col_21,vertical_terminal_strip,vertical,5,F21;G21;H21;I21;J21,F21<->G21;G21<->H21;H21<->I21;I21<->J21
terminal_upper_col_22,vertical_terminal_strip,vertical,5,A22;B22;C22;D22;E22,A22<->B22;B22<->C22;C22<->D22;D22<->E22
terminal_lower_col_22,vertical_terminal_strip,vertical,5,F22;G22;H22;I22;J22,F22<->G22;G22<->H22;H22<->I22;I22<->J22
terminal_upper_col_23,vertical_terminal_strip,vertical,5,A23;B23;C23;D23;E23,A23<->B23;B23<->C23;C23<->D23;D23<->E23
terminal_lower_col_23,vertical_terminal_strip,vertical,5,F23;G23;H23;I23;J23,F23<->G23;G23<->H23;H23<->I23;I23<->J23
terminal_upper_col_24,vertical_terminal_strip,vertical,5,A24;B24;C24;D24;E24,A24<->B24;B24<->C24;C24<->D24;D24<->E24
terminal_lower_col_24,vertical_terminal_strip,vertical,5,F24;G24;H24;I24;J24,F24<->G24;G24<->H24;H24<->I24;I24<->J24
terminal_upper_col_25,vertical_terminal_strip,vertical,5,A25;B25;C25;D25;E25,A25<->B25;B25<->C25;C25<->D25;D25<->E25
terminal_lower_col_25,vertical_terminal_strip,vertical,5,F25;G25;H25;I25;J25,F25<->G25;G25<->H25;H25<->I25;I25<->J25
terminal_upper_col_26,vertical_terminal_strip,vertical,5,A26;B26;C26;D26;E26,A26<->B26;B26<->C26;C26<->D26;D26<->E26
terminal_lower_col_26,vertical_terminal_strip,vertical,5,F26;G26;H26;I26;J26,F26<->G26;G26<->H26;H26<->I26;I26<->J26
terminal_upper_col_27,vertical_terminal_strip,vertical,5,A27;B27;C27;D27;E27,A27<->B27;B27<->C27;C27<->D27;D27<->E27
terminal_lower_col_27,vertical_terminal_strip,vertical,5,F27;G27;H27;I27;J27,F27<->G27;G27<->H27;H27<->I27;I27<->J27
terminal_upper_col_28,vertical_terminal_strip,vertical,5,A28;B28;C28;D28;E28,A28<->B28;B28<->C28;C28<->D28;D28<->E28
terminal_lower_col_28,vertical_terminal_strip,vertical,5,F28;G28;H28;I28;J28,F28<->G28;G28<->H28;H28<->I28;I28<->J28
terminal_upper_col_29,vertical_terminal_strip,vertical,5,A29;B29;C29;D29;E29,A29<->B29;B29<->C29;C29<->D29;D29<->E29
terminal_lower_col_29,vertical_terminal_strip,vertical,5,F29;G29;H29;I29;J29,F29<->G29;G29<->H29;H29<->I29;I29<->J29
terminal_upper_col_30,vertical_terminal_strip,vertical,5,A30;B30;C30;D30;E30,A30<->B30;B30<->C30;C30<->D30;D30<->E30
terminal_lower_col_30,vertical_terminal_strip,vertical,5,F30;G30;H30;I30;J30,F30<->G30;G30<->H30;H30<->I30;I30<->J30
terminal_upper_col_31,vertical_terminal_strip,vertical,5,A31;B31;C31;D31;E31,A31<->B31;B31<->C31;C31<->D31;D31<->E31
terminal_lower_col_31,vertical_terminal_strip,vertical,5,F31;G31;H31;I31;J31,F31<->G31;G31<->H31;H31<->I31;I31<->J31
terminal_upper_col_32,vertical_terminal_strip,vertical,5,A32;B32;C32;D32;E32,A32<->B32;B32<->C32;C32<->D32;D32<->E32
terminal_lower_col_32,vertical_terminal_strip,vertical,5,F32;G32;H32;I32;J32,F32<->G32;G32<->H32;H32<->I32;I32<->J32
terminal_upper_col_33,vertical_terminal_strip,vertical,5,A33;B33;C33;D33;E33,A33<->B33;B33<->C33;C33<->D33;D33<->E33
terminal_lower_col_33,vertical_terminal_strip,vertical,5,F33;G33;H33;I33;J33,F33<->G33;G33<->H33;H33<->I33;I33<->J33
terminal_upper_col_34,vertical_terminal_strip,vertical,5,A34;B34;C34;D34;E34,A34<->B34;B34<->C34;C34<->D34;D34<->E34
terminal_lower_col_34,vertical_terminal_strip,vertical,5,F34;G34;H34;I34;J34,F34<->G34;G34<->H34;H34<->I34;I34<->J34
terminal_upper_col_35,vertical_terminal_strip,vertical,5,A35;B35;C35;D35;E35,A35<->B35;B35<->C35;C35<->D35;D35<->E35
terminal_lower_col_35,vertical_terminal_strip,vertical,5,F35;G35;H35;I35;J35,F35<->G35;G35<->H35;H35<->I35;I35<->J35
terminal_upper_col_36,vertical_terminal_strip,vertical,5,A36;B36;C36;D36;E36,A36<->B36;B36<->C36;C36<->D36;D36<->E36
terminal_lower_col_36,vertical_terminal_strip,vertical,5,F36;G36;H36;I36;J36,F36<->G36;G36<->H36;H36<->I36;I36<->J36
terminal_upper_col_37,vertical_terminal_strip,vertical,5,A37;B37;C37;D37;E37,A37<->B37;B37<->C37;C37<->D37;D37<->E37
terminal_lower_col_37,vertical_terminal_strip,vertical,5,F37;G37;H37;I37;J37,F37<->G37;G37<->H37;H37<->I37;I37<->J37
terminal_upper_col_38,vertical_terminal_strip,vertical,5,A38;B38;C38;D38;E38,A38<->B38;B38<->C38;C38<->D38;D38<->E38
terminal_lower_col_38,vertical_terminal_strip,vertical,5,F38;G38;H38;I38;J38,F38<->G38;G38<->H38;H38<->I38;I38<->J38
terminal_upper_col_39,vertical_terminal_strip,vertical,5,A39;B39;C39;D39;E39,A39<->B39;B39<->C39;C39<->D39;D39<->E39
terminal_lower_col_39,vertical_terminal_strip,vertical,5,F39;G39;H39;I39;J39,F39<->G39;G39<->H39;H39<->I39;I39<->J39
terminal_upper_col_40,vertical_terminal_strip,vertical,5,A40;B40;C40;D40;E40,A40<->B40;B40<->C40;C40<->D40;D40<->E40
terminal_lower_col_40,vertical_terminal_strip,vertical,5,F40;G40;H40;I40;J40,F40<->G40;G40<->H40;H40<->I40;I40<->J40
terminal_upper_col_41,vertical_terminal_strip,vertical,5,A41;B41;C41;D41;E41,A41<->B41;B41<->C41;C41<->D41;D41<->E41
terminal_lower_col_41,vertical_terminal_strip,vertical,5,F41;G41;H41;I41;J41,F41<->G41;G41<->H41;H41<->I41;I41<->J41
terminal_upper_col_42,vertical_terminal_strip,vertical,5,A42;B42;C42;D42;E42,A42<->B42;B42<->C42;C42<->D42;D42<->E42
terminal_lower_col_42,vertical_terminal_strip,vertical,5,F42;G42;H42;I42;J42,F42<->G42;G42<->H42;H42<->I42;I42<->J42
terminal_upper_col_43,vertical_terminal_strip,vertical,5,A43;B43;C43;D43;E43,A43<->B43;B43<->C43;C43<->D43;D43<->E43
terminal_lower_col_43,vertical_terminal_strip,vertical,5,F43;G43;H43;I43;J43,F43<->G43;G43<->H43;H43<->I43;I43<->J43
terminal_upper_col_44,vertical_terminal_strip,vertical,5,A44;B44;C44;D44;E44,A44<->B44;B44<->C44;C44<->D44;D44<->E44
terminal_lower_col_44,vertical_terminal_strip,vertical,5,F44;G44;H44;I44;J44,F44<->G44;G44<->H44;H44<->I44;I44<->J44
terminal_upper_col_45,vertical_terminal_strip,vertical,5,A45;B45;C45;D45;E45,A45<->B45;B45<->C45;C45<->D45;D45<->E45
terminal_lower_col_45,vertical_terminal_strip,vertical,5,F45;G45;H45;I45;J45,F45<->G45;G45<->H45;H45<->I45;I45<->J45
terminal_upper_col_46,vertical_terminal_strip,vertical,5,A46;B46;C46;D46;E46,A46<->B46;B46<->C46;C46<->D46;D46<->E46
terminal_lower_col_46,vertical_terminal_strip,vertical,5,F46;G46;H46;I46;J46,F46<->G46;G46<->H46;H46<->I46;I46<->J46
terminal_upper_col_47,vertical_terminal_strip,vertical,5,A47;B47;C47;D47;E47,A47<->B47;B47<->C47;C47<->D47;D47<->E47
terminal_lower_col_47,vertical_terminal_strip,vertical,5,F47;G47;H47;I47;J47,F47<->G47;G47<->H47;H47<->I47;I47<->J47
terminal_upper_col_48,vertical_terminal_strip,vertical,5,A48;B48;C48;D48;E48,A48<->B48;B48<->C48;C48<->D48;D48<->E48
terminal_lower_col_48,vertical_terminal_strip,vertical,5,F48;G48;H48;I48;J48,F48<->G48;G48<->H48;H48<->I48;I48<->J48
terminal_upper_col_49,vertical_terminal_strip,vertical,5,A49;B49;C49;D49;E49,A49<->B49;B49<->C49;C49<->D49;D49<->E49
terminal_lower_col_49,vertical_terminal_strip,vertical,5,F49;G49;H49;I49;J49,F49<->G49;G49<->H49;H49<->I49;I49<->J49
terminal_upper_col_50,vertical_terminal_strip,vertical,5,A50;B50;C50;D50;E50,A50<->B50;B50<->C50;C50<->D50;D50<->E50
terminal_lower_col_50,vertical_terminal_strip,vertical,5,F50;G50;H50;I50;J50,F50<->G50;G50<->H50;H50<->I50;I50<->J50
terminal_upper_col_51,vertical_terminal_strip,vertical,5,A51;B51;C51;D51;E51,A51<->B51;B51<->C51;C51<->D51;D51<->E51
terminal_lower_col_51,vertical_terminal_strip,vertical,5,F51;G51;H51;I51;J51,F51<->G51;G51<->H51;H51<->I51;I51<->J51
terminal_upper_col_52,vertical_terminal_strip,vertical,5,A52;B52;C52;D52;E52,A52<->B52;B52<->C52;C52<->D52;D52<->E52
terminal_lower_col_52,vertical_terminal_strip,vertical,5,F52;G52;H52;I52;J52,F52<->G52;G52<->H52;H52<->I52;I52<->J52
terminal_upper_col_53,vertical_terminal_strip,vertical,5,A53;B53;C53;D53;E53,A53<->B53;B53<->C53;C53<->D53;D53<->E53
terminal_lower_col_53,vertical_terminal_strip,vertical,5,F53;G53;H53;I53;J53,F53<->G53;G53<->H53;H53<->I53;I53<->J53
terminal_upper_col_54,vertical_terminal_strip,vertical,5,A54;B54;C54;D54;E54,A54<->B54;B54<->C54;C54<->D54;D54<->E54
terminal_lower_col_54,vertical_terminal_strip,vertical,5,F54;G54;H54;I54;J54,F54<->G54;G54<->H54;H54<->I54;I54<->J54
terminal_upper_col_55,vertical_terminal_strip,vertical,5,A55;B55;C55;D55;E55,A55<->B55;B55<->C55;C55<->D55;D55<->E55
terminal_lower_col_55,vertical_terminal_strip,vertical,5,F55;G55;H55;I55;J55,F55<->G55;G55<->H55;H55<->I55;I55<->J55
terminal_upper_col_56,vertical_terminal_strip,vertical,5,A56;B56;C56;D56;E56,A56<->B56;B56<->C56;C56<->D56;D56<->E56
terminal_lower_col_56,vertical_terminal_strip,vertical,5,F56;G56;H56;I56;J56,F56<->G56;G56<->H56;H56<->I56;I56<->J56
terminal_upper_col_57,vertical_terminal_strip,vertical,5,A57;B57;C57;D57;E57,A57<->B57;B57<->C57;C57<->D57;D57<->E57
terminal_lower_col_57,vertical_terminal_strip,vertical,5,F57;G57;H57;I57;J57,F57<->G57;G57<->H57;H57<->I57;I57<->J57
terminal_upper_col_58,vertical_terminal_strip,vertical,5,A58;B58;C58;D58;E58,A58<->B58;B58<->C58;C58<->D58;D58<->E58
terminal_lower_col_58,vertical_terminal_strip,vertical,5,F58;G58;H58;I58;J58,F58<->G58;G58<->H58;H58<->I58;I58<->J58
terminal_upper_col_59,vertical_terminal_strip,vertical,5,A59;B59;C59;D59;E59,A59<->B59;B59<->C59;C59<->D59;D59<->E59
terminal_lower_col_59,vertical_terminal_strip,vertical,5,F59;G59;H59;I59;J59,F59<->G59;G59<->H59;H59<->I59;I59<->J59
terminal_upper_col_60,vertical_terminal_strip,vertical,5,A60;B60;C60;D60;E60,A60<->B60;B60<->C60;C60<->D60;D60<->E60
terminal_lower_col_60,vertical_terminal_strip,vertical,5,F60;G60;H60;I60;J60,F60<->G60;G60<->H60;H60<->I60;I60<->J60
terminal_upper_col_61,vertical_terminal_strip,vertical,5,A61;B61;C61;D61;E61,A61<->B61;B61<->C61;C61<->D61;D61<->E61
terminal_lower_col_61,vertical_terminal_strip,vertical,5,F61;G61;H61;I61;J61,F61<->G61;G61<->H61;H61<->I61;I61<->J61
terminal_upper_col_62,vertical_terminal_strip,vertical,5,A62;B62;C62;D62;E62,A62<->B62;B62<->C62;C62<->D62;D62<->E62
terminal_lower_col_62,vertical_terminal_strip,vertical,5,F62;G62;H62;I62;J62,F62<->G62;G62<->H62;H62<->I62;I62<->J62
power_rail_top_pos,horizontal_power_rail,horizontal,50,top_pos_00;top_pos_01;top_pos_02;top_pos_03;top_pos_04;top_pos_05;top_pos_06;top_pos_07;top_pos_08;top_pos_09;top_pos_10;top_pos_11;top_pos_12;top_pos_13;top_pos_14;top_pos_15;top_pos_16;top_pos_17;top_pos_18;top_pos_19;top_pos_20;top_pos_21;top_pos_22;top_pos_23;top_pos_24;top_pos_25;top_pos_26;top_pos_27;top_pos_28;top_pos_29;top_pos_30;top_pos_31;top_pos_32;top_pos_33;top_pos_34;top_pos_35;top_pos_36;top_pos_37;top_pos_38;top_pos_39;top_pos_40;top_pos_41;top_pos_42;top_pos_43;top_pos_44;top_pos_45;top_pos_46;top_pos_47;top_pos_48;top_pos_49,top_pos_00<->top_pos_01;top_pos_01<->top_pos_02;top_pos_02<->top_pos_03;top_pos_03<->top_pos_04;top_pos_04<->top_pos_05;top_pos_05<->top_pos_06;top_pos_06<->top_pos_07;top_pos_07<->top_pos_08;top_pos_08<->top_pos_09;top_pos_09<->top_pos_10;top_pos_10<->top_pos_11;top_pos_11<->top_pos_12;top_pos_12<->top_pos_13;top_pos_13<->top_pos_14;top_pos_14<->top_pos_15;top_pos_15<->top_pos_16;top_pos_16<->top_pos_17;top_pos_17<->top_pos_18;top_pos_18<->top_pos_19;top_pos_19<->top_pos_20;top_pos_20<->top_pos_21;top_pos_21<->top_pos_22;top_pos_22<->top_pos_23;top_pos_23<->top_pos_24;top_pos_24<->top_pos_25;top_pos_25<->top_pos_26;top_pos_26<->top_pos_27;top_pos_27<->top_pos_28;top_pos_28<->top_pos_29;top_pos_29<->top_pos_30;top_pos_30<->top_pos_31;top_pos_31<->top_pos_32;top_pos_32<->top_pos_33;top_pos_33<->top_pos_34;top_pos_34<->top_pos_35;top_pos_35<->top_pos_36;top_pos_36<->top_pos_37;top_pos_37<->top_pos_38;top_pos_38<->top_pos_39;top_pos_39<->top_pos_40;top_pos_40<->top_pos_41;top_pos_41<->top_pos_42;top_pos_42<->top_pos_43;top_pos_43<->top_pos_44;top_pos_44<->top_pos_45;top_pos_45<->top_pos_46;top_pos_46<->top_pos_47;top_pos_47<->top_pos_48;top_pos_48<->top_pos_49
power_rail_top_neg,horizontal_power_rail,horizontal,50,top_neg_00;top_neg_01;top_neg_02;top_neg_03;top_neg_04;top_neg_05;top_neg_06;top_neg_07;top_neg_08;top_neg_09;top_neg_10;top_neg_11;top_neg_12;top_neg_13;top_neg_14;top_neg_15;top_neg_16;top_neg_17;top_neg_18;top_neg_19;top_neg_20;top_neg_21;top_neg_22;top_neg_23;top_neg_24;top_neg_25;top_neg_26;top_neg_27;top_neg_28;top_neg_29;top_neg_30;top_neg_31;top_neg_32;top_neg_33;top_neg_34;top_neg_35;top_neg_36;top_neg_37;top_neg_38;top_neg_39;top_neg_40;top_neg_41;top_neg_42;top_neg_43;top_neg_44;top_neg_45;top_neg_46;top_neg_47;top_neg_48;top_neg_49,top_neg_00<->top_neg_01;top_neg_01<->top_neg_02;top_neg_02<->top_neg_03;top_neg_03<->top_neg_04;top_neg_04<->top_neg_05;top_neg_05<->top_neg_06;top_neg_06<->top_neg_07;top_neg_07<->top_neg_08;top_neg_08<->top_neg_09;top_neg_09<->top_neg_10;top_neg_10<->top_neg_11;top_neg_11<->top_neg_12;top_neg_12<->top_neg_13;top_neg_13<->top_neg_14;top_neg_14<->top_neg_15;top_neg_15<->top_neg_16;top_neg_16<->top_neg_17;top_neg_17<->top_neg_18;top_neg_18<->top_neg_19;top_neg_19<->top_neg_20;top_neg_20<->top_neg_21;top_neg_21<->top_neg_22;top_neg_22<->top_neg_23;top_neg_23<->top_neg_24;top_neg_24<->top_neg_25;top_neg_25<->top_neg_26;top_neg_26<->top_neg_27;top_neg_27<->top_neg_28;top_neg_28<->top_neg_29;top_neg_29<->top_neg_30;top_neg_30<->top_neg_31;top_neg_31<->top_neg_32;top_neg_32<->top_neg_33;top_neg_33<->top_neg_34;top_neg_34<->top_neg_35;top_neg_35<->top_neg_36;top_neg_36<->top_neg_37;top_neg_37<->top_neg_38;top_neg_38<->top_neg_39;top_neg_39<->top_neg_40;top_neg_40<->top_neg_41;top_neg_41<->top_neg_42;top_neg_42<->top_neg_43;top_neg_43<->top_neg_44;top_neg_44<->top_neg_45;top_neg_45<->top_neg_46;top_neg_46<->top_neg_47;top_neg_47<->top_neg_48;top_neg_48<->top_neg_49
power_rail_bottom_pos,horizontal_power_rail,horizontal,50,bottom_pos_00;bottom_pos_01;bottom_pos_02;bottom_pos_03;bottom_pos_04;bottom_pos_05;bottom_pos_06;bottom_pos_07;bottom_pos_08;bottom_pos_09;bottom_pos_10;bottom_pos_11;bottom_pos_12;bottom_pos_13;bottom_pos_14;bottom_pos_15;bottom_pos_16;bottom_pos_17;bottom_pos_18;bottom_pos_19;bottom_pos_20;bottom_pos_21;bottom_pos_22;bottom_pos_23;bottom_pos_24;bottom_pos_25;bottom_pos_26;bottom_pos_27;bottom_pos_28;bottom_pos_29;bottom_pos_30;bottom_pos_31;bottom_pos_32;bottom_pos_33;bottom_pos_34;bottom_pos_35;bottom_pos_36;bottom_pos_37;bottom_pos_38;bottom_pos_39;bottom_pos_40;bottom_pos_41;bottom_pos_42;bottom_pos_43;bottom_pos_44;bottom_pos_45;bottom_pos_46;bottom_pos_47;bottom_pos_48;bottom_pos_49,bottom_pos_00<->bottom_pos_01;bottom_pos_01<->bottom_pos_02;bottom_pos_02<->bottom_pos_03;bottom_pos_03<->bottom_pos_04;bottom_pos_04<->bottom_pos_05;bottom_pos_05<->bottom_pos_06;bottom_pos_06<->bottom_pos_07;bottom_pos_07<->bottom_pos_08;bottom_pos_08<->bottom_pos_09;bottom_pos_09<->bottom_pos_10;bottom_pos_10<->bottom_pos_11;bottom_pos_11<->bottom_pos_12;bottom_pos_12<->bottom_pos_13;bottom_pos_13<->bottom_pos_14;bottom_pos_14<->bottom_pos_15;bottom_pos_15<->bottom_pos_16;bottom_pos_16<->bottom_pos_17;bottom_pos_17<->bottom_pos_18;bottom_pos_18<->bottom_pos_19;bottom_pos_19<->bottom_pos_20;bottom_pos_20<->bottom_pos_21;bottom_pos_21<->bottom_pos_22;bottom_pos_22<->bottom_pos_23;bottom_pos_23<->bottom_pos_24;bottom_pos_24<->bottom_pos_25;bottom_pos_25<->bottom_pos_26;bottom_pos_26<->bottom_pos_27;bottom_pos_27<->bottom_pos_28;bottom_pos_28<->bottom_pos_29;bottom_pos_29<->bottom_pos_30;bottom_pos_30<->bottom_pos_31;bottom_pos_31<->bottom_pos_32;bottom_pos_32<->bottom_pos_33;bottom_pos_33<->bottom_pos_34;bottom_pos_34<->bottom_pos_35;bottom_pos_35<->bottom_pos_36;bottom_pos_36<->bottom_pos_37;bottom_pos_37<->bottom_pos_38;bottom_pos_38<->bottom_pos_39;bottom_pos_39<->bottom_pos_40;bottom_pos_40<->bottom_pos_41;bottom_pos_41<->bottom_pos_42;bottom_pos_42<->bottom_pos_43;bottom_pos_43<->bottom_pos_44;bottom_pos_44<->bottom_pos_45;bottom_pos_45<->bottom_pos_46;bottom_pos_46<->bottom_pos_47;bottom_pos_47<->bottom_pos_48;bottom_pos_48<->bottom_pos_49
power_rail_bottom_neg,horizontal_power_rail,horizontal,50,bottom_neg_00;bottom_neg_01;bottom_neg_02;bottom_neg_03;bottom_neg_04;bottom_neg_05;bottom_neg_06;bottom_neg_07;bottom_neg_08;bottom_neg_09;bottom_neg_10;bottom_neg_11;bottom_neg_12;bottom_neg_13;bottom_neg_14;bottom_neg_15;bottom_neg_16;bottom_neg_17;bottom_neg_18;bottom_neg_19;bottom_neg_20;bottom_neg_21;bottom_neg_22;bottom_neg_23;bottom_neg_24;bottom_neg_25;bottom_neg_26;bottom_neg_27;bottom_neg_28;bottom_neg_29;bottom_neg_30;bottom_neg_31;bottom_neg_32;bottom_neg_33;bottom_neg_34;bottom_neg_35;bottom_neg_36;bottom_neg_37;bottom_neg_38;bottom_neg_39;bottom_neg_40;bottom_neg_41;bottom_neg_42;bottom_neg_43;bottom_neg_44;bottom_neg_45;bottom_neg_46;bottom_neg_47;bottom_neg_48;bottom_neg_49,bottom_neg_00<->bottom_neg_01;bottom_neg_01<->bottom_neg_02;bottom_neg_02<->bottom_neg_03;bottom_neg_03<->bottom_neg_04;bottom_neg_04<->bottom_neg_05;bottom_neg_05<->bottom_neg_06;bottom_neg_06<->bottom_neg_07;bottom_neg_07<->bottom_neg_08;bottom_neg_08<->bottom_neg_09;bottom_neg_09<->bottom_neg_10;bottom_neg_10<->bottom_neg_11;bottom_neg_11<->bottom_neg_12;bottom_neg_12<->bottom_neg_13;bottom_neg_13<->bottom_neg_14;bottom_neg_14<->bottom_neg_15;bottom_neg_15<->bottom_neg_16;bottom_neg_16<->bottom_neg_17;bottom_neg_17<->bottom_neg_18;bottom_neg_18<->bottom_neg_19;bottom_neg_19<->bottom_neg_20;bottom_neg_20<->bottom_neg_21;bottom_neg_21<->bottom_neg_22;bottom_neg_22<->bottom_neg_23;bottom_neg_23<->bottom_neg_24;bottom_neg_24<->bottom_neg_25;bottom_neg_25<->bottom_neg_26;bottom_neg_26<->bottom_neg_27;bottom_neg_27<->bottom_neg_28;bottom_neg_28<->bottom_neg_29;bottom_neg_29<->bottom_neg_30;bottom_neg_30<->bottom_neg_31;bottom_neg_31<->bottom_neg_32;bottom_neg_32<->bottom_neg_33;bottom_neg_33<->bottom_neg_34;bottom_neg_34<->bottom_neg_35;bottom_neg_35<->bottom_neg_36;bottom_neg_36<->bottom_neg_37;bottom_neg_37<->bottom_neg_38;bottom_neg_38<->bottom_neg_39;bottom_neg_39<->bottom_neg_40;bottom_neg_40<->bottom_neg_41;bottom_neg_41<->bottom_neg_42;bottom_neg_42<->bottom_neg_43;bottom_neg_43<->bottom_neg_44;bottom_neg_44<->bottom_neg_45;bottom_neg_45<->bottom_neg_46;bottom_neg_46<->bottom_neg_47;bottom_neg_47<->bottom_neg_48;bottom_neg_48<->bottom_neg_49
